year,region,SSP1,SSP2,SSP3,SSP4,SSP5
y1960,LAM,0.493228310553488,0.493228310553488,0.493228310553488,0.493228310553488,0.493228310553488
y1960,OAS,0.177715950860306,0.177715950860306,0.177715950860306,0.177715950860306,0.177715950860306
y1960,SSA,0.147692836187626,0.147692836187626,0.147692836187626,0.147692836187626,0.147692836187626
y1960,EUR,0.611903674190942,0.611903674190942,0.611903674190942,0.611903674190942,0.611903674190942
y1960,NEU,0.358196522051204,0.358196522051204,0.358196522051204,0.358196522051204,0.358196522051204
y1960,MEA,0.331442660470341,0.331442660470341,0.331442660470341,0.331442660470341,0.331442660470341
y1960,REF,0.492056936495384,0.492056936495384,0.492056936495384,0.492056936495384,0.492056936495384
y1960,CAZ,0.737805032768689,0.737805032768689,0.737805032768689,0.737805032768689,0.737805032768689
y1960,CHA,0.176507533456965,0.176507533456965,0.176507533456965,0.176507533456965,0.176507533456965
y1960,IND,0.17924,0.17924,0.17924,0.17924,0.17924
y1960,JPN,0.63272,0.63272,0.63272,0.63272,0.63272
y1960,USA,0.69996,0.69996,0.69996,0.69996,0.69996
y1961,LAM,0.501233053810278,0.501233053810278,0.501233053810278,0.501233053810278,0.501233053810278
y1961,OAS,0.180942015228619,0.180942015228619,0.180942015228619,0.180942015228619,0.180942015228619
y1961,SSA,0.150696925726856,0.150696925726856,0.150696925726856,0.150696925726856,0.150696925726856
y1961,EUR,0.616494710452253,0.616494710452253,0.616494710452253,0.616494710452253,0.616494710452253
y1961,NEU,0.364387357144591,0.364387357144591,0.364387357144591,0.364387357144591,0.364387357144591
y1961,MEA,0.338624451794697,0.338624451794697,0.338624451794697,0.338624451794697,0.338624451794697
y1961,REF,0.499588413958436,0.499588413958436,0.499588413958436,0.499588413958436,0.499588413958436
y1961,CAZ,0.743156332034874,0.743156332034874,0.743156332034874,0.743156332034874,0.743156332034874
y1961,CHA,0.182054582599981,0.182054582599981,0.182054582599981,0.182054582599981,0.182054582599981
y1961,IND,0.18032,0.18032,0.18032,0.18032,0.18032
y1961,JPN,0.64213,0.64213,0.64213,0.64213,0.64213
y1961,USA,0.70377,0.70377,0.70377,0.70377,0.70377
y1962,LAM,0.509359136416527,0.509359136416527,0.509359136416527,0.509359136416527,0.509359136416527
y1962,OAS,0.184139819824724,0.184139819824724,0.184139819824724,0.184139819824724,0.184139819824724
y1962,SSA,0.153790757962348,0.153790757962348,0.153790757962348,0.153790757962348,0.153790757962348
y1962,EUR,0.620985241113472,0.620985241113472,0.620985241113472,0.620985241113472,0.620985241113472
y1962,NEU,0.371131521588432,0.371131521588432,0.371131521588432,0.371131521588432,0.371131521588432
y1962,MEA,0.345968456546663,0.345968456546663,0.345968456546663,0.345968456546663,0.345968456546663
y1962,REF,0.507075389967708,0.507075389967708,0.507075389967708,0.507075389967708,0.507075389967708
y1962,CAZ,0.74958941769608,0.74958941769608,0.74958941769608,0.74958941769608,0.74958941769608
y1962,CHA,0.18760475411528,0.18760475411528,0.18760475411528,0.18760475411528,0.18760475411528
y1962,IND,0.18218,0.18218,0.18218,0.18218,0.18218
y1962,JPN,0.65144,0.65144,0.65144,0.65144,0.65144
y1962,USA,0.70757,0.70757,0.70757,0.70757,0.70757
y1963,LAM,0.517518605640817,0.517518605640817,0.517518605640817,0.517518605640817,0.517518605640817
y1963,OAS,0.187377987606046,0.187377987606046,0.187377987606046,0.187377987606046,0.187377987606046
y1963,SSA,0.157081810849003,0.157081810849003,0.157081810849003,0.157081810849003,0.157081810849003
y1963,EUR,0.625880087488589,0.625880087488589,0.625880087488589,0.625880087488589,0.625880087488589
y1963,NEU,0.377787699609852,0.377787699609852,0.377787699609852,0.377787699609852,0.377787699609852
y1963,MEA,0.353381846024159,0.353381846024159,0.353381846024159,0.353381846024159,0.353381846024159
y1963,REF,0.514531297069151,0.514531297069151,0.514531297069151,0.514531297069151,0.514531297069151
y1963,CAZ,0.755777496620499,0.755777496620499,0.755777496620499,0.755777496620499,0.755777496620499
y1963,CHA,0.193013347505931,0.193013347505931,0.193013347505931,0.193013347505931,0.193013347505931
y1963,IND,0.18405,0.18405,0.18405,0.18405,0.18405
y1963,JPN,0.66064,0.66064,0.66064,0.66064,0.66064
y1963,USA,0.71134,0.71134,0.71134,0.71134,0.71134
y1964,LAM,0.525724013404094,0.525724013404094,0.525724013404094,0.525724013404094,0.525724013404094
y1964,OAS,0.190619797147451,0.190619797147451,0.190619797147451,0.190619797147451,0.190619797147451
y1964,SSA,0.160517201370982,0.160517201370982,0.160517201370982,0.160517201370982,0.160517201370982
y1964,EUR,0.630747249297479,0.630747249297479,0.630747249297479,0.630747249297479,0.630747249297479
y1964,NEU,0.384332648523025,0.384332648523025,0.384332648523025,0.384332648523025,0.384332648523025
y1964,MEA,0.360975731706345,0.360975731706345,0.360975731706345,0.360975731706345,0.360975731706345
y1964,REF,0.521960685710087,0.521960685710087,0.521960685710087,0.521960685710087,0.521960685710087
y1964,CAZ,0.761879782872345,0.761879782872345,0.761879782872345,0.761879782872345,0.761879782872345
y1964,CHA,0.198552731466094,0.198552731466094,0.198552731466094,0.198552731466094,0.198552731466094
y1964,IND,0.18595,0.18595,0.18595,0.18595,0.18595
y1964,JPN,0.66972,0.66972,0.66972,0.66972,0.66972
y1964,USA,0.71508,0.71508,0.71508,0.71508,0.71508
y1965,LAM,0.533378537764375,0.533378537764375,0.533378537764375,0.533378537764375,0.533378537764375
y1965,OAS,0.193915217643772,0.193915217643772,0.193915217643772,0.193915217643772,0.193915217643772
y1965,SSA,0.164068488631848,0.164068488631848,0.164068488631848,0.164068488631848,0.164068488631848
y1965,EUR,0.635648841251406,0.635648841251406,0.635648841251406,0.635648841251406,0.635648841251406
y1965,NEU,0.390765957704705,0.390765957704705,0.390765957704705,0.390765957704705,0.390765957704705
y1965,MEA,0.368835235763032,0.368835235763032,0.368835235763032,0.368835235763032,0.368835235763032
y1965,REF,0.529562431956435,0.529562431956435,0.529562431956435,0.529562431956435,0.529562431956435
y1965,CAZ,0.767874940657596,0.767874940657596,0.767874940657596,0.767874940657596,0.767874940657596
y1965,CHA,0.196701809524324,0.196701809524324,0.196701809524324,0.196701809524324,0.196701809524324
y1965,IND,0.18785,0.18785,0.18785,0.18785,0.18785
y1965,JPN,0.67866,0.67866,0.67866,0.67866,0.67866
y1965,USA,0.71879,0.71879,0.71879,0.71879,0.71879
y1966,LAM,0.541022808483195,0.541022808483195,0.541022808483195,0.541022808483195,0.541022808483195
y1966,OAS,0.197280163313471,0.197280163313471,0.197280163313471,0.197280163313471,0.197280163313471
y1966,SSA,0.167600367286501,0.167600367286501,0.167600367286501,0.167600367286501,0.167600367286501
y1966,EUR,0.64040572864242,0.64040572864242,0.64040572864242,0.64040572864242,0.64040572864242
y1966,NEU,0.398159965334912,0.398159965334912,0.398159965334912,0.398159965334912,0.398159965334912
y1966,MEA,0.376248655879018,0.376248655879018,0.376248655879018,0.376248655879018,0.376248655879018
y1966,REF,0.536970389453524,0.536970389453524,0.536970389453524,0.536970389453524,0.536970389453524
y1966,CAZ,0.773671147185302,0.773671147185302,0.773671147185302,0.773671147185302,0.773671147185302
y1966,CHA,0.19508850362726,0.19508850362726,0.19508850362726,0.19508850362726,0.19508850362726
y1966,IND,0.18977,0.18977,0.18977,0.18977,0.18977
y1966,JPN,0.68704,0.68704,0.68704,0.68704,0.68704
y1966,USA,0.72247,0.72247,0.72247,0.72247,0.72247
y1967,LAM,0.548656069362094,0.548656069362094,0.548656069362094,0.548656069362094,0.548656069362094
y1967,OAS,0.201207113246348,0.201207113246348,0.201207113246348,0.201207113246348,0.201207113246348
y1967,SSA,0.171219857619082,0.171219857619082,0.171219857619082,0.171219857619082,0.171219857619082
y1967,EUR,0.644882830445028,0.644882830445028,0.644882830445028,0.644882830445028,0.644882830445028
y1967,NEU,0.406135230921634,0.406135230921634,0.406135230921634,0.406135230921634,0.406135230921634
y1967,MEA,0.383153566710555,0.383153566710555,0.383153566710555,0.383153566710555,0.383153566710555
y1967,REF,0.54433347139859,0.54433347139859,0.54433347139859,0.54433347139859,0.54433347139859
y1967,CAZ,0.777459619449228,0.777459619449228,0.777459619449228,0.777459619449228,0.777459619449228
y1967,CHA,0.193912713397976,0.193912713397976,0.193912713397976,0.193912713397976,0.193912713397976
y1967,IND,0.19171,0.19171,0.19171,0.19171,0.19171
y1967,JPN,0.69516,0.69516,0.69516,0.69516,0.69516
y1967,USA,0.72612,0.72612,0.72612,0.72612,0.72612
y1968,LAM,0.556299828427988,0.556299828427988,0.556299828427988,0.556299828427988,0.556299828427988
y1968,OAS,0.205599192059093,0.205599192059093,0.205599192059093,0.205599192059093,0.205599192059093
y1968,SSA,0.17492569797775,0.17492569797775,0.17492569797775,0.17492569797775,0.17492569797775
y1968,EUR,0.649066227181383,0.649066227181383,0.649066227181383,0.649066227181383,0.649066227181383
y1968,NEU,0.414200891811229,0.414200891811229,0.414200891811229,0.414200891811229,0.414200891811229
y1968,MEA,0.390109386752099,0.390109386752099,0.390109386752099,0.390109386752099,0.390109386752099
y1968,REF,0.551655493394666,0.551655493394666,0.551655493394666,0.551655493394666,0.551655493394666
y1968,CAZ,0.781326250073085,0.781326250073085,0.781326250073085,0.781326250073085,0.781326250073085
y1968,CHA,0.192675178407908,0.192675178407908,0.192675178407908,0.192675178407908,0.192675178407908
y1968,IND,0.19366,0.19366,0.19366,0.19366,0.19366
y1968,JPN,0.70316,0.70316,0.70316,0.70316,0.70316
y1968,USA,0.72974,0.72974,0.72974,0.72974,0.72974
y1969,LAM,0.563900212438466,0.563900212438466,0.563900212438466,0.563900212438466,0.563900212438466
y1969,OAS,0.210251093290857,0.210251093290857,0.210251093290857,0.210251093290857,0.210251093290857
y1969,SSA,0.178739021748923,0.178739021748923,0.178739021748923,0.178739021748923,0.178739021748923
y1969,EUR,0.652799894016994,0.652799894016994,0.652799894016994,0.652799894016994,0.652799894016994
y1969,NEU,0.422239317158799,0.422239317158799,0.422239317158799,0.422239317158799,0.422239317158799
y1969,MEA,0.397186690412623,0.397186690412623,0.397186690412623,0.397186690412623,0.397186690412623
y1969,REF,0.558911286493467,0.558911286493467,0.558911286493467,0.558911286493467,0.558911286493467
y1969,CAZ,0.785244141760105,0.785244141760105,0.785244141760105,0.785244141760105,0.785244141760105
y1969,CHA,0.191394862726,0.191394862726,0.191394862726,0.191394862726,0.191394862726
y1969,IND,0.19562,0.19562,0.19562,0.19562,0.19562
y1969,JPN,0.71102,0.71102,0.71102,0.71102,0.71102
y1969,USA,0.73333,0.73333,0.73333,0.73333,0.73333
y1970,LAM,0.571441205289054,0.571441205289054,0.571441205289054,0.571441205289054,0.571441205289054
y1970,OAS,0.215107892433405,0.215107892433405,0.215107892433405,0.215107892433405,0.215107892433405
y1970,SSA,0.182432898908219,0.182432898908219,0.182432898908219,0.182432898908219,0.182432898908219
y1970,EUR,0.656499758323061,0.656499758323061,0.656499758323061,0.656499758323061,0.656499758323061
y1970,NEU,0.430313711789669,0.430313711789669,0.430313711789669,0.430313711789669,0.430313711789669
y1970,MEA,0.404376440788419,0.404376440788419,0.404376440788419,0.404376440788419,0.404376440788419
y1970,REF,0.566003953135747,0.566003953135747,0.566003953135747,0.566003953135747,0.566003953135747
y1970,CAZ,0.789087020349432,0.789087020349432,0.789087020349432,0.789087020349432,0.789087020349432
y1970,CHA,0.190130373593875,0.190130373593875,0.190130373593875,0.190130373593875,0.190130373593875
y1970,IND,0.1976,0.1976,0.1976,0.1976,0.1976
y1970,JPN,0.71877,0.71877,0.71877,0.71877,0.71877
y1970,USA,0.73602,0.73602,0.73602,0.73602,0.73602
y1971,LAM,0.579032733985879,0.579032733985879,0.579032733985879,0.579032733985879,0.579032733985879
y1971,OAS,0.219577473503427,0.219577473503427,0.219577473503427,0.219577473503427,0.219577473503427
y1971,SSA,0.18644412447461,0.18644412447461,0.18644412447461,0.18644412447461,0.18644412447461
y1971,EUR,0.660269664870837,0.660269664870837,0.660269664870837,0.660269664870837,0.660269664870837
y1971,NEU,0.436817199152515,0.436817199152515,0.436817199152515,0.436817199152515,0.436817199152515
y1971,MEA,0.411369652775274,0.411369652775274,0.411369652775274,0.411369652775274,0.411369652775274
y1971,REF,0.572874424291414,0.572874424291414,0.572874424291414,0.572874424291414,0.572874424291414
y1971,CAZ,0.792517989859198,0.792517989859198,0.792517989859198,0.792517989859198,0.792517989859198
y1971,CHA,0.18904464562638,0.18904464562638,0.18904464562638,0.18904464562638,0.18904464562638
y1971,IND,0.19991,0.19991,0.19991,0.19991,0.19991
y1971,JPN,0.72666,0.72666,0.72666,0.72666,0.72666
y1971,USA,0.73613,0.73613,0.73613,0.73613,0.73613
y1972,LAM,0.586553153817319,0.586553153817319,0.586553153817319,0.586553153817319,0.586553153817319
y1972,OAS,0.224363946059282,0.224363946059282,0.224363946059282,0.224363946059282,0.224363946059282
y1972,SSA,0.19064355605638,0.19064355605638,0.19064355605638,0.19064355605638,0.19064355605638
y1972,EUR,0.664020786119241,0.664020786119241,0.664020786119241,0.664020786119241,0.664020786119241
y1972,NEU,0.442010260350148,0.442010260350148,0.442010260350148,0.442010260350148,0.442010260350148
y1972,MEA,0.418441691439225,0.418441691439225,0.418441691439225,0.418441691439225,0.418441691439225
y1972,REF,0.579683129351944,0.579683129351944,0.579683129351944,0.579683129351944,0.579683129351944
y1972,CAZ,0.792750437780723,0.792750437780723,0.792750437780723,0.792750437780723,0.792750437780723
y1972,CHA,0.1880187652397,0.1880187652397,0.1880187652397,0.1880187652397,0.1880187652397
y1972,IND,0.20321,0.20321,0.20321,0.20321,0.20321
y1972,JPN,0.73452,0.73452,0.73452,0.73452,0.73452
y1972,USA,0.73623,0.73623,0.73623,0.73623,0.73623
y1973,LAM,0.593842217244689,0.593842217244689,0.593842217244689,0.593842217244689,0.593842217244689
y1973,OAS,0.229140073302894,0.229140073302894,0.229140073302894,0.229140073302894,0.229140073302894
y1973,SSA,0.194908656066415,0.194908656066415,0.194908656066415,0.194908656066415,0.194908656066415
y1973,EUR,0.667592159339782,0.667592159339782,0.667592159339782,0.667592159339782,0.667592159339782
y1973,NEU,0.447249351978172,0.447249351978172,0.447249351978172,0.447249351978172,0.447249351978172
y1973,MEA,0.425427321159699,0.425427321159699,0.425427321159699,0.425427321159699,0.425427321159699
y1973,REF,0.586417593581886,0.586417593581886,0.586417593581886,0.586417593581886,0.586417593581886
y1973,CAZ,0.792912035208356,0.792912035208356,0.792912035208356,0.792912035208356,0.792912035208356
y1973,CHA,0.188089639411784,0.188089639411784,0.188089639411784,0.188089639411784,0.188089639411784
y1973,IND,0.20653,0.20653,0.20653,0.20653,0.20653
y1973,JPN,0.7422,0.7422,0.7422,0.7422,0.7422
y1973,USA,0.73633,0.73633,0.73633,0.73633,0.73633
y1974,LAM,0.601070534407573,0.601070534407573,0.601070534407573,0.601070534407573,0.601070534407573
y1974,OAS,0.234015465473509,0.234015465473509,0.234015465473509,0.234015465473509,0.234015465473509
y1974,SSA,0.199232206526887,0.199232206526887,0.199232206526887,0.199232206526887,0.199232206526887
y1974,EUR,0.671046079188755,0.671046079188755,0.671046079188755,0.671046079188755,0.671046079188755
y1974,NEU,0.45249656774211,0.45249656774211,0.45249656774211,0.45249656774211,0.45249656774211
y1974,MEA,0.43182886260614,0.43182886260614,0.43182886260614,0.43182886260614,0.43182886260614
y1974,REF,0.593055286844971,0.593055286844971,0.593055286844971,0.593055286844971,0.593055286844971
y1974,CAZ,0.793230157308618,0.793230157308618,0.793230157308618,0.793230157308618,0.793230157308618
y1974,CHA,0.189249566095981,0.189249566095981,0.189249566095981,0.189249566095981,0.189249566095981
y1974,IND,0.20991,0.20991,0.20991,0.20991,0.20991
y1974,JPN,0.74975,0.74975,0.74975,0.74975,0.74975
y1974,USA,0.73643,0.73643,0.73643,0.73643,0.73643
y1975,LAM,0.608295368821161,0.608295368821161,0.608295368821161,0.608295368821161,0.608295368821161
y1975,OAS,0.236008997917379,0.236008997917379,0.236008997917379,0.236008997917379,0.236008997917379
y1975,SSA,0.203635084445586,0.203635084445586,0.203635084445586,0.203635084445586,0.203635084445586
y1975,EUR,0.674112887098279,0.674112887098279,0.674112887098279,0.674112887098279,0.674112887098279
y1975,NEU,0.457667503408483,0.457667503408483,0.457667503408483,0.457667503408483,0.457667503408483
y1975,MEA,0.438162141678103,0.438162141678103,0.438162141678103,0.438162141678103,0.438162141678103
y1975,REF,0.599343208146457,0.599343208146457,0.599343208146457,0.599343208146457,0.599343208146457
y1975,CAZ,0.793290018483215,0.793290018483215,0.793290018483215,0.793290018483215,0.793290018483215
y1975,CHA,0.190406339789282,0.190406339789282,0.190406339789282,0.190406339789282,0.190406339789282
y1975,IND,0.21332,0.21332,0.21332,0.21332,0.21332
y1975,JPN,0.75716,0.75716,0.75716,0.75716,0.75716
y1975,USA,0.73653,0.73653,0.73653,0.73653,0.73653
y1976,LAM,0.615495812691829,0.615495812691829,0.615495812691829,0.615495812691829,0.615495812691829
y1976,OAS,0.241203433518056,0.241203433518056,0.241203433518056,0.241203433518056,0.241203433518056
y1976,SSA,0.208110695891228,0.208110695891228,0.208110695891228,0.208110695891228,0.208110695891228
y1976,EUR,0.676930604302238,0.676930604302238,0.676930604302238,0.676930604302238,0.676930604302238
y1976,NEU,0.461758105330223,0.461758105330223,0.461758105330223,0.461758105330223,0.461758105330223
y1976,MEA,0.44434267948192,0.44434267948192,0.44434267948192,0.44434267948192,0.44434267948192
y1976,REF,0.605595017519673,0.605595017519673,0.605595017519673,0.605595017519673,0.605595017519673
y1976,CAZ,0.793326765425444,0.793326765425444,0.793326765425444,0.793326765425444,0.793326765425444
y1976,CHA,0.191101630846213,0.191101630846213,0.191101630846213,0.191101630846213,0.191101630846213
y1976,IND,0.21677,0.21677,0.21677,0.21677,0.21677
y1976,JPN,0.75944,0.75944,0.75944,0.75944,0.75944
y1976,USA,0.73663,0.73663,0.73663,0.73663,0.73663
y1977,LAM,0.622697475996206,0.622697475996206,0.622697475996206,0.622697475996206,0.622697475996206
y1977,OAS,0.246564242623679,0.246564242623679,0.246564242623679,0.246564242623679,0.246564242623679
y1977,SSA,0.212517697117165,0.212517697117165,0.212517697117165,0.212517697117165,0.212517697117165
y1977,EUR,0.679929424979621,0.679929424979621,0.679929424979621,0.679929424979621,0.679929424979621
y1977,NEU,0.46544436845416,0.46544436845416,0.46544436845416,0.46544436845416,0.46544436845416
y1977,MEA,0.45011372981612,0.45011372981612,0.45011372981612,0.45011372981612,0.45011372981612
y1977,REF,0.611732749079173,0.611732749079173,0.611732749079173,0.611732749079173,0.611732749079173
y1977,CAZ,0.79413093853888,0.79413093853888,0.79413093853888,0.79413093853888,0.79413093853888
y1977,CHA,0.191827430599725,0.191827430599725,0.191827430599725,0.191827430599725,0.191827430599725
y1977,IND,0.22026,0.22026,0.22026,0.22026,0.22026
y1977,JPN,0.76002,0.76002,0.76002,0.76002,0.76002
y1977,USA,0.73673,0.73673,0.73673,0.73673,0.73673
y1978,LAM,0.6298699044628,0.6298699044628,0.6298699044628,0.6298699044628,0.6298699044628
y1978,OAS,0.252053971930076,0.252053971930076,0.252053971930076,0.252053971930076,0.252053971930076
y1978,SSA,0.217037721681792,0.217037721681792,0.217037721681792,0.217037721681792,0.217037721681792
y1978,EUR,0.683015721059372,0.683015721059372,0.683015721059372,0.683015721059372,0.683015721059372
y1978,NEU,0.469264568984233,0.469264568984233,0.469264568984233,0.469264568984233,0.469264568984233
y1978,MEA,0.455674806699686,0.455674806699686,0.455674806699686,0.455674806699686,0.455674806699686
y1978,REF,0.617806320600115,0.617806320600115,0.617806320600115,0.617806320600115,0.617806320600115
y1978,CAZ,0.794971206144527,0.794971206144527,0.794971206144527,0.794971206144527,0.794971206144527
y1978,CHA,0.19569278431051,0.19569278431051,0.19569278431051,0.19569278431051,0.19569278431051
y1978,IND,0.22379,0.22379,0.22379,0.22379,0.22379
y1978,JPN,0.7606,0.7606,0.7606,0.7606,0.7606
y1978,USA,0.73682,0.73682,0.73682,0.73682,0.73682
y1979,LAM,0.636981364912095,0.636981364912095,0.636981364912095,0.636981364912095,0.636981364912095
y1979,OAS,0.257632844266367,0.257632844266367,0.257632844266367,0.257632844266367,0.257632844266367
y1979,SSA,0.221094562105693,0.221094562105693,0.221094562105693,0.221094562105693,0.221094562105693
y1979,EUR,0.686010562261362,0.686010562261362,0.686010562261362,0.686010562261362,0.686010562261362
y1979,NEU,0.473163728616814,0.473163728616814,0.473163728616814,0.473163728616814,0.473163728616814
y1979,MEA,0.46114956955357,0.46114956955357,0.46114956955357,0.46114956955357,0.46114956955357
y1979,REF,0.622900256759196,0.622900256759196,0.622900256759196,0.622900256759196,0.622900256759196
y1979,CAZ,0.795780311301544,0.795780311301544,0.795780311301544,0.795780311301544,0.795780311301544
y1979,CHA,0.202973372821334,0.202973372821334,0.202973372821334,0.202973372821334,0.202973372821334
y1979,IND,0.22736,0.22736,0.22736,0.22736,0.22736
y1979,JPN,0.76118,0.76118,0.76118,0.76118,0.76118
y1979,USA,0.73692,0.73692,0.73692,0.73692,0.73692
y1980,LAM,0.644091952911676,0.644091952911676,0.644091952911676,0.644091952911676,0.644091952911676
y1980,OAS,0.263686701638807,0.263686701638807,0.263686701638807,0.263686701638807,0.263686701638807
y1980,SSA,0.22515651647746,0.22515651647746,0.22515651647746,0.22515651647746,0.22515651647746
y1980,EUR,0.688871906573293,0.688871906573293,0.688871906573293,0.688871906573293,0.688871906573293
y1980,NEU,0.477108425854433,0.477108425854433,0.477108425854433,0.477108425854433,0.477108425854433
y1980,MEA,0.466654437391333,0.466654437391333,0.466654437391333,0.466654437391333,0.466654437391333
y1980,REF,0.626860815562798,0.626860815562798,0.626860815562798,0.626860815562798,0.626860815562798
y1980,CAZ,0.796557243688256,0.796557243688256,0.796557243688256,0.796557243688256,0.796557243688256
y1980,CHA,0.210397140940495,0.210397140940495,0.210397140940495,0.210397140940495,0.210397140940495
y1980,IND,0.23098,0.23098,0.23098,0.23098,0.23098
y1980,JPN,0.76175,0.76175,0.76175,0.76175,0.76175
y1980,USA,0.73738,0.73738,0.73738,0.73738,0.73738
y1981,LAM,0.651037084868961,0.651037084868961,0.651037084868961,0.651037084868961,0.651037084868961
y1981,OAS,0.269946985983695,0.269946985983695,0.269946985983695,0.269946985983695,0.269946985983695
y1981,SSA,0.229632688377289,0.229632688377289,0.229632688377289,0.229632688377289,0.229632688377289
y1981,EUR,0.691349156777096,0.691349156777096,0.691349156777096,0.691349156777096,0.691349156777096
y1981,NEU,0.486803625517911,0.486803625517911,0.486803625517911,0.486803625517911,0.486803625517911
y1981,MEA,0.472200646132033,0.472200646132033,0.472200646132033,0.472200646132033,0.472200646132033
y1981,REF,0.630736102312852,0.630736102312852,0.630736102312852,0.630736102312852,0.630736102312852
y1981,CAZ,0.797462096553386,0.797462096553386,0.797462096553386,0.797462096553386,0.797462096553386
y1981,CHA,0.217978726339079,0.217978726339079,0.217978726339079,0.217978726339079,0.217978726339079
y1981,IND,0.23417,0.23417,0.23417,0.23417,0.23417
y1981,JPN,0.76273,0.76273,0.76273,0.76273,0.76273
y1981,USA,0.7389,0.7389,0.7389,0.7389,0.7389
y1982,LAM,0.65764715284943,0.65764715284943,0.65764715284943,0.65764715284943,0.65764715284943
y1982,OAS,0.275199418887802,0.275199418887802,0.275199418887802,0.275199418887802,0.275199418887802
y1982,SSA,0.234034252765215,0.234034252765215,0.234034252765215,0.234034252765215,0.234034252765215
y1982,EUR,0.692969557263266,0.692969557263266,0.692969557263266,0.692969557263266,0.692969557263266
y1982,NEU,0.498440789425038,0.498440789425038,0.498440789425038,0.498440789425038,0.498440789425038
y1982,MEA,0.477557514526559,0.477557514526559,0.477557514526559,0.477557514526559,0.477557514526559
y1982,REF,0.634531874102009,0.634531874102009,0.634531874102009,0.634531874102009,0.634531874102009
y1982,CAZ,0.798432189170307,0.798432189170307,0.798432189170307,0.798432189170307,0.798432189170307
y1982,CHA,0.225724751450566,0.225724751450566,0.225724751450566,0.225724751450566,0.225724751450566
y1982,IND,0.23647,0.23647,0.23647,0.23647,0.23647
y1982,JPN,0.76383,0.76383,0.76383,0.76383,0.76383
y1982,USA,0.74042,0.74042,0.74042,0.74042,0.74042
y1983,LAM,0.664035789877435,0.664035789877435,0.664035789877435,0.664035789877435,0.664035789877435
y1983,OAS,0.280291226943243,0.280291226943243,0.280291226943243,0.280291226943243,0.280291226943243
y1983,SSA,0.238661210122584,0.238661210122584,0.238661210122584,0.238661210122584,0.238661210122584
y1983,EUR,0.694317156728668,0.694317156728668,0.694317156728668,0.694317156728668,0.694317156728668
y1983,NEU,0.510162058833588,0.510162058833588,0.510162058833588,0.510162058833588,0.510162058833588
y1983,MEA,0.483063517237278,0.483063517237278,0.483063517237278,0.483063517237278,0.483063517237278
y1983,REF,0.638242998645907,0.638242998645907,0.638242998645907,0.638242998645907,0.638242998645907
y1983,CAZ,0.799376345946091,0.799376345946091,0.799376345946091,0.799376345946091,0.799376345946091
y1983,CHA,0.23208854336156,0.23208854336156,0.23208854336156,0.23208854336156,0.23208854336156
y1983,IND,0.23879,0.23879,0.23879,0.23879,0.23879
y1983,JPN,0.76493,0.76493,0.76493,0.76493,0.76493
y1983,USA,0.74194,0.74194,0.74194,0.74194,0.74194
y1984,LAM,0.670322366752157,0.670322366752157,0.670322366752157,0.670322366752157,0.670322366752157
y1984,OAS,0.285441885604683,0.285441885604683,0.285441885604683,0.285441885604683,0.285441885604683
y1984,SSA,0.243532914097494,0.243532914097494,0.243532914097494,0.243532914097494,0.243532914097494
y1984,EUR,0.695420869793275,0.695420869793275,0.695420869793275,0.695420869793275,0.695420869793275
y1984,NEU,0.522041694642842,0.522041694642842,0.522041694642842,0.522041694642842,0.522041694642842
y1984,MEA,0.489219595719709,0.489219595719709,0.489219595719709,0.489219595719709,0.489219595719709
y1984,REF,0.641947440551554,0.641947440551554,0.641947440551554,0.641947440551554,0.641947440551554
y1984,CAZ,0.800272559214628,0.800272559214628,0.800272559214628,0.800272559214628,0.800272559214628
y1984,CHA,0.238588563730306,0.238588563730306,0.238588563730306,0.238588563730306,0.238588563730306
y1984,IND,0.24113,0.24113,0.24113,0.24113,0.24113
y1984,JPN,0.76603,0.76603,0.76603,0.76603,0.76603
y1984,USA,0.74344,0.74344,0.74344,0.74344,0.74344
y1985,LAM,0.676529362801227,0.676529362801227,0.676529362801227,0.676529362801227,0.676529362801227
y1985,OAS,0.290546083042856,0.290546083042856,0.290546083042856,0.290546083042856,0.290546083042856
y1985,SSA,0.248807789420206,0.248807789420206,0.248807789420206,0.248807789420206,0.248807789420206
y1985,EUR,0.696439986314964,0.696439986314964,0.696439986314964,0.696439986314964,0.696439986314964
y1985,NEU,0.534017220296396,0.534017220296396,0.534017220296396,0.534017220296396,0.534017220296396
y1985,MEA,0.495342169444586,0.495342169444586,0.495342169444586,0.495342169444586,0.495342169444586
y1985,REF,0.645358634612497,0.645358634612497,0.645358634612497,0.645358634612497,0.645358634612497
y1985,CAZ,0.801189374825939,0.801189374825939,0.801189374825939,0.801189374825939,0.801189374825939
y1985,CHA,0.245194252653738,0.245194252653738,0.245194252653738,0.245194252653738,0.245194252653738
y1985,IND,0.24348,0.24348,0.24348,0.24348,0.24348
y1985,JPN,0.76712,0.76712,0.76712,0.76712,0.76712
y1985,USA,0.74494,0.74494,0.74494,0.74494,0.74494
y1986,LAM,0.682580938472535,0.682580938472535,0.682580938472535,0.682580938472535,0.682580938472535
y1986,OAS,0.295885613183014,0.295885613183014,0.295885613183014,0.295885613183014,0.295885613183014
y1986,SSA,0.254271208639121,0.254271208639121,0.254271208639121,0.254271208639121,0.254271208639121
y1986,EUR,0.697695716883327,0.697695716883327,0.697695716883327,0.697695716883327,0.697695716883327
y1986,NEU,0.5440653809019,0.5440653809019,0.5440653809019,0.5440653809019,0.5440653809019
y1986,MEA,0.501502111644248,0.501502111644248,0.501502111644248,0.501502111644248,0.501502111644248
y1986,REF,0.648647558142023,0.648647558142023,0.648647558142023,0.648647558142023,0.648647558142023
y1986,CAZ,0.802072821852075,0.802072821852075,0.802072821852075,0.802072821852075,0.802072821852075
y1986,CHA,0.252157645470441,0.252157645470441,0.252157645470441,0.252157645470441,0.252157645470441
y1986,IND,0.24585,0.24585,0.24585,0.24585,0.24585
y1986,JPN,0.76835,0.76835,0.76835,0.76835,0.76835
y1986,USA,0.74644,0.74644,0.74644,0.74644,0.74644
y1987,LAM,0.68850602255848,0.68850602255848,0.68850602255848,0.68850602255848,0.68850602255848
y1987,OAS,0.301412693637565,0.301412693637565,0.301412693637565,0.301412693637565,0.301412693637565
y1987,SSA,0.259678049030889,0.259678049030889,0.259678049030889,0.259678049030889,0.259678049030889
y1987,EUR,0.69946384439681,0.69946384439681,0.69946384439681,0.69946384439681,0.69946384439681
y1987,NEU,0.553280542817205,0.553280542817205,0.553280542817205,0.553280542817205,0.553280542817205
y1987,MEA,0.507007070090163,0.507007070090163,0.507007070090163,0.507007070090163,0.507007070090163
y1987,REF,0.651832241066247,0.651832241066247,0.651832241066247,0.651832241066247,0.651832241066247
y1987,CAZ,0.802283754184539,0.802283754184539,0.802283754184539,0.802283754184539,0.802283754184539
y1987,CHA,0.259526460774278,0.259526460774278,0.259526460774278,0.259526460774278,0.259526460774278
y1987,IND,0.24823,0.24823,0.24823,0.24823,0.24823
y1987,JPN,0.76962,0.76962,0.76962,0.76962,0.76962
y1987,USA,0.74793,0.74793,0.74793,0.74793,0.74793
y1988,LAM,0.694339021359364,0.694339021359364,0.694339021359364,0.694339021359364,0.694339021359364
y1988,OAS,0.30700396819518,0.30700396819518,0.30700396819518,0.30700396819518,0.30700396819518
y1988,SSA,0.265039480081015,0.265039480081015,0.265039480081015,0.265039480081015,0.265039480081015
y1988,EUR,0.701194547039919,0.701194547039919,0.701194547039919,0.701194547039919,0.701194547039919
y1988,NEU,0.562574222011245,0.562574222011245,0.562574222011245,0.562574222011245,0.562574222011245
y1988,MEA,0.511737428567857,0.511737428567857,0.511737428567857,0.511737428567857,0.511737428567857
y1988,REF,0.654959662038753,0.654959662038753,0.654959662038753,0.654959662038753,0.654959662038753
y1988,CAZ,0.802504217339333,0.802504217339333,0.802504217339333,0.802504217339333,0.802504217339333
y1988,CHA,0.266749381107849,0.266749381107849,0.266749381107849,0.266749381107849,0.266749381107849
y1988,IND,0.25063,0.25063,0.25063,0.25063,0.25063
y1988,JPN,0.77088,0.77088,0.77088,0.77088,0.77088
y1988,USA,0.74942,0.74942,0.74942,0.74942,0.74942
y1989,LAM,0.700050368728629,0.700050368728629,0.700050368728629,0.700050368728629,0.700050368728629
y1989,OAS,0.312520257085324,0.312520257085324,0.312520257085324,0.312520257085324,0.312520257085324
y1989,SSA,0.270302971237802,0.270302971237802,0.270302971237802,0.270302971237802,0.270302971237802
y1989,EUR,0.702483040074603,0.702483040074603,0.702483040074603,0.702483040074603,0.702483040074603
y1989,NEU,0.571790404505624,0.571790404505624,0.571790404505624,0.571790404505624,0.571790404505624
y1989,MEA,0.516245437601916,0.516245437601916,0.516245437601916,0.516245437601916,0.516245437601916
y1989,REF,0.656368155851855,0.656368155851855,0.656368155851855,0.656368155851855,0.656368155851855
y1989,CAZ,0.802624700116093,0.802624700116093,0.802624700116093,0.802624700116093,0.802624700116093
y1989,CHA,0.273919452060115,0.273919452060115,0.273919452060115,0.273919452060115,0.273919452060115
y1989,IND,0.25305,0.25305,0.25305,0.25305,0.25305
y1989,JPN,0.77213,0.77213,0.77213,0.77213,0.77213
y1989,USA,0.75089,0.75089,0.75089,0.75089,0.75089
y1990,LAM,0.705604947168914,0.705604947168914,0.705604947168914,0.705604947168914,0.705604947168914
y1990,OAS,0.3181053048144,0.3181053048144,0.3181053048144,0.3181053048144,0.3181053048144
y1990,SSA,0.275494881740944,0.275494881740944,0.275494881740944,0.275494881740944,0.275494881740944
y1990,EUR,0.703912183813742,0.703912183813742,0.703912183813742,0.703912183813742,0.703912183813742
y1990,NEU,0.581115293543767,0.581115293543767,0.581115293543767,0.581115293543767,0.581115293543767
y1990,MEA,0.519701514105791,0.519701514105791,0.519701514105791,0.519701514105791,0.519701514105791
y1990,REF,0.655760932563419,0.655760932563419,0.655760932563419,0.655760932563419,0.655760932563419
y1990,CAZ,0.802776007223014,0.802776007223014,0.802776007223014,0.802776007223014,0.802776007223014
y1990,CHA,0.281048372871481,0.281048372871481,0.281048372871481,0.281048372871481,0.281048372871481
y1990,IND,0.25547,0.25547,0.25547,0.25547,0.25547
y1990,JPN,0.77339,0.77339,0.77339,0.77339,0.77339
y1990,USA,0.753,0.753,0.753,0.753,0.753
y1991,LAM,0.710801083273952,0.710801083273952,0.710801083273952,0.710801083273952,0.710801083273952
y1991,OAS,0.322731849060439,0.322731849060439,0.322731849060439,0.322731849060439,0.322731849060439
y1991,SSA,0.279528308103453,0.279528308103453,0.279528308103453,0.279528308103453,0.279528308103453
y1991,EUR,0.705549600455137,0.705549600455137,0.705549600455137,0.705549600455137,0.705549600455137
y1991,NEU,0.587641332090628,0.587641332090628,0.587641332090628,0.587641332090628,0.587641332090628
y1991,MEA,0.523755881921739,0.523755881921739,0.523755881921739,0.523755881921739,0.523755881921739
y1991,REF,0.655199452538878,0.655199452538878,0.655199452538878,0.655199452538878,0.655199452538878
y1991,CAZ,0.803156655836676,0.803156655836676,0.803156655836676,0.803156655836676,0.803156655836676
y1991,CHA,0.289479323078411,0.289479323078411,0.289479323078411,0.289479323078411,0.289479323078411
y1991,IND,0.25778,0.25778,0.25778,0.25778,0.25778
y1991,JPN,0.77473,0.77473,0.77473,0.77473,0.77473
y1991,USA,0.75701,0.75701,0.75701,0.75701,0.75701
y1992,LAM,0.71576591898279,0.71576591898279,0.71576591898279,0.71576591898279,0.71576591898279
y1992,OAS,0.327169786439615,0.327169786439615,0.327169786439615,0.327169786439615,0.327169786439615
y1992,SSA,0.283409598593609,0.283409598593609,0.283409598593609,0.283409598593609,0.283409598593609
y1992,EUR,0.706999604298645,0.706999604298645,0.706999604298645,0.706999604298645,0.706999604298645
y1992,NEU,0.592907843534305,0.592907843534305,0.592907843534305,0.592907843534305,0.592907843534305
y1992,MEA,0.529344495307405,0.529344495307405,0.529344495307405,0.529344495307405,0.529344495307405
y1992,REF,0.654639263215626,0.654639263215626,0.654639263215626,0.654639263215626,0.654639263215626
y1992,CAZ,0.804366865914495,0.804366865914495,0.804366865914495,0.804366865914495,0.804366865914495
y1992,CHA,0.298109074293785,0.298109074293785,0.298109074293785,0.298109074293785,0.298109074293785
y1992,IND,0.25984,0.25984,0.25984,0.25984,0.25984
y1992,JPN,0.7761,0.7761,0.7761,0.7761,0.7761
y1992,USA,0.76097,0.76097,0.76097,0.76097,0.76097
y1993,LAM,0.720609287782282,0.720609287782282,0.720609287782282,0.720609287782282,0.720609287782282
y1993,OAS,0.331543377469058,0.331543377469058,0.331543377469058,0.331543377469058,0.331543377469058
y1993,SSA,0.287453744141085,0.287453744141085,0.287453744141085,0.287453744141085,0.287453744141085
y1993,EUR,0.708206693564466,0.708206693564466,0.708206693564466,0.708206693564466,0.708206693564466
y1993,NEU,0.598351640663847,0.598351640663847,0.598351640663847,0.598351640663847,0.598351640663847
y1993,MEA,0.534279795397946,0.534279795397946,0.534279795397946,0.534279795397946,0.534279795397946
y1993,REF,0.654170318526756,0.654170318526756,0.654170318526756,0.654170318526756,0.654170318526756
y1993,CAZ,0.805512249569641,0.805512249569641,0.805512249569641,0.805512249569641,0.805512249569641
y1993,CHA,0.306918591293205,0.306918591293205,0.306918591293205,0.306918591293205,0.306918591293205
y1993,IND,0.26191,0.26191,0.26191,0.26191,0.26191
y1993,JPN,0.77746,0.77746,0.77746,0.77746,0.77746
y1993,USA,0.76488,0.76488,0.76488,0.76488,0.76488
y1994,LAM,0.725510849037382,0.725510849037382,0.725510849037382,0.725510849037382,0.725510849037382
y1994,OAS,0.336002045620681,0.336002045620681,0.336002045620681,0.336002045620681,0.336002045620681
y1994,SSA,0.291819420425739,0.291819420425739,0.291819420425739,0.291819420425739,0.291819420425739
y1994,EUR,0.709516537467066,0.709516537467066,0.709516537467066,0.709516537467066,0.709516537467066
y1994,NEU,0.603437364486664,0.603437364486664,0.603437364486664,0.603437364486664,0.603437364486664
y1994,MEA,0.538112603621397,0.538112603621397,0.538112603621397,0.538112603621397,0.538112603621397
y1994,REF,0.653806775399119,0.653806775399119,0.653806775399119,0.653806775399119,0.653806775399119
y1994,CAZ,0.806658387339999,0.806658387339999,0.806658387339999,0.806658387339999,0.806658387339999
y1994,CHA,0.315921086119804,0.315921086119804,0.315921086119804,0.315921086119804,0.315921086119804
y1994,IND,0.26399,0.26399,0.26399,0.26399,0.26399
y1994,JPN,0.77881,0.77881,0.77881,0.77881,0.77881
y1994,USA,0.76875,0.76875,0.76875,0.76875,0.76875
y1995,LAM,0.730362573981428,0.730362573981428,0.730362573981428,0.730362573981428,0.730362573981428
y1995,OAS,0.340538249351042,0.340538249351042,0.340538249351042,0.340538249351042,0.340538249351042
y1995,SSA,0.295801834105296,0.295801834105296,0.295801834105296,0.295801834105296,0.295801834105296
y1995,EUR,0.710834513959068,0.710834513959068,0.710834513959068,0.710834513959068,0.710834513959068
y1995,NEU,0.607935481728593,0.607935481728593,0.607935481728593,0.607935481728593,0.607935481728593
y1995,MEA,0.54137520178748,0.54137520178748,0.54137520178748,0.54137520178748,0.54137520178748
y1995,REF,0.653574541218817,0.653574541218817,0.653574541218817,0.653574541218817,0.653574541218817
y1995,CAZ,0.807834425335937,0.807834425335937,0.807834425335937,0.807834425335937,0.807834425335937
y1995,CHA,0.325074126010411,0.325074126010411,0.325074126010411,0.325074126010411,0.325074126010411
y1995,IND,0.26607,0.26607,0.26607,0.26607,0.26607
y1995,JPN,0.78016,0.78016,0.78016,0.78016,0.78016
y1995,USA,0.77257,0.77257,0.77257,0.77257,0.77257
y1996,LAM,0.734994675818556,0.734994675818556,0.734994675818556,0.734994675818556,0.734994675818556
y1996,OAS,0.345010470081941,0.345010470081941,0.345010470081941,0.345010470081941,0.345010470081941
y1996,SSA,0.299233344227919,0.299233344227919,0.299233344227919,0.299233344227919,0.299233344227919
y1996,EUR,0.712145482393464,0.712145482393464,0.712145482393464,0.712145482393464,0.712145482393464
y1996,NEU,0.612015962439401,0.612015962439401,0.612015962439401,0.612015962439401,0.612015962439401
y1996,MEA,0.54459663199955,0.54459663199955,0.54459663199955,0.54459663199955,0.54459663199955
y1996,REF,0.653313114747619,0.653313114747619,0.653313114747619,0.653313114747619,0.653313114747619
y1996,CAZ,0.8091065648667,0.8091065648667,0.8091065648667,0.8091065648667,0.8091065648667
y1996,CHA,0.334484188638254,0.334484188638254,0.334484188638254,0.334484188638254,0.334484188638254
y1996,IND,0.26817,0.26817,0.26817,0.26817,0.26817
y1996,JPN,0.78145,0.78145,0.78145,0.78145,0.78145
y1996,USA,0.77636,0.77636,0.77636,0.77636,0.77636
y1997,LAM,0.73971279190947,0.73971279190947,0.73971279190947,0.73971279190947,0.73971279190947
y1997,OAS,0.349421922380575,0.349421922380575,0.349421922380575,0.349421922380575,0.349421922380575
y1997,SSA,0.302844732646879,0.302844732646879,0.302844732646879,0.302844732646879,0.302844732646879
y1997,EUR,0.713409308411195,0.713409308411195,0.713409308411195,0.713409308411195,0.713409308411195
y1997,NEU,0.616194268272673,0.616194268272673,0.616194268272673,0.616194268272673,0.616194268272673
y1997,MEA,0.547909215037222,0.547909215037222,0.547909215037222,0.547909215037222,0.547909215037222
y1997,REF,0.653117460828204,0.653117460828204,0.653117460828204,0.653117460828204,0.653117460828204
y1997,CAZ,0.810958768229277,0.810958768229277,0.810958768229277,0.810958768229277,0.810958768229277
y1997,CHA,0.34388998161646,0.34388998161646,0.34388998161646,0.34388998161646,0.34388998161646
y1997,IND,0.27028,0.27028,0.27028,0.27028,0.27028
y1997,JPN,0.78272,0.78272,0.78272,0.78272,0.78272
y1997,USA,0.78008,0.78008,0.78008,0.78008,0.78008
y1998,LAM,0.744388208578438,0.744388208578438,0.744388208578438,0.744388208578438,0.744388208578438
y1998,OAS,0.35385750540138,0.35385750540138,0.35385750540138,0.35385750540138,0.35385750540138
y1998,SSA,0.306604546186518,0.306604546186518,0.306604546186518,0.306604546186518,0.306604546186518
y1998,EUR,0.714650966840351,0.714650966840351,0.714650966840351,0.714650966840351,0.714650966840351
y1998,NEU,0.620749390017796,0.620749390017796,0.620749390017796,0.620749390017796,0.620749390017796
y1998,MEA,0.551270946756235,0.551270946756235,0.551270946756235,0.551270946756235,0.551270946756235
y1998,REF,0.652984744209428,0.652984744209428,0.652984744209428,0.652984744209428,0.652984744209428
y1998,CAZ,0.812772709569381,0.812772709569381,0.812772709569381,0.812772709569381,0.812772709569381
y1998,CHA,0.353471683408244,0.353471683408244,0.353471683408244,0.353471683408244,0.353471683408244
y1998,IND,0.2724,0.2724,0.2724,0.2724,0.2724
y1998,JPN,0.78398,0.78398,0.78398,0.78398,0.78398
y1998,USA,0.78377,0.78377,0.78377,0.78377,0.78377
y1999,LAM,0.748914403325386,0.748914403325386,0.748914403325386,0.748914403325386,0.748914403325386
y1999,OAS,0.358273896228803,0.358273896228803,0.358273896228803,0.358273896228803,0.358273896228803
y1999,SSA,0.31036485849599,0.31036485849599,0.31036485849599,0.31036485849599,0.31036485849599
y1999,EUR,0.715936035585171,0.715936035585171,0.715936035585171,0.715936035585171,0.715936035585171
y1999,NEU,0.625454805203997,0.625454805203997,0.625454805203997,0.625454805203997,0.625454805203997
y1999,MEA,0.554650197778414,0.554650197778414,0.554650197778414,0.554650197778414,0.554650197778414
y1999,REF,0.652853277117542,0.652853277117542,0.652853277117542,0.652853277117542,0.652853277117542
y1999,CAZ,0.814554807415874,0.814554807415874,0.814554807415874,0.814554807415874,0.814554807415874
y1999,CHA,0.363205473445363,0.363205473445363,0.363205473445363,0.363205473445363,0.363205473445363
y1999,IND,0.27453,0.27453,0.27453,0.27453,0.27453
y1999,JPN,0.78523,0.78523,0.78523,0.78523,0.78523
y1999,USA,0.78742,0.78742,0.78742,0.78742,0.78742
y2000,LAM,0.753405059847744,0.753405059847744,0.753405059847744,0.753405059847744,0.753405059847744
y2000,OAS,0.36310858760373,0.36310858760373,0.36310858760373,0.36310858760373,0.36310858760373
y2000,SSA,0.314101978951642,0.314101978951642,0.314101978951642,0.314101978951642,0.314101978951642
y2000,EUR,0.717398275954969,0.717398275954969,0.717398275954969,0.717398275954969,0.717398275954969
y2000,NEU,0.629995295394742,0.629995295394742,0.629995295394742,0.629995295394742,0.629995295394742
y2000,MEA,0.55813214785468,0.55813214785468,0.55813214785468,0.55813214785468,0.55813214785468
y2000,REF,0.652799940646884,0.652799940646884,0.652799940646884,0.652799940646884,0.652799940646884
y2000,CAZ,0.816292779103501,0.816292779103501,0.816292779103501,0.816292779103501,0.816292779103501
y2000,CHA,0.373081038016755,0.373081038016755,0.373081038016755,0.373081038016755,0.373081038016755
y2000,IND,0.27667,0.27667,0.27667,0.27667,0.27667
y2000,JPN,0.78649,0.78649,0.78649,0.78649,0.78649
y2000,USA,0.79057,0.79057,0.79057,0.79057,0.79057
y2001,LAM,0.757001914122696,0.757001914122696,0.757001914122696,0.757001914122696,0.757001914122696
y2001,OAS,0.367660986057906,0.367660986057906,0.367660986057906,0.367660986057906,0.367660986057906
y2001,SSA,0.318521333367807,0.318521333367807,0.318521333367807,0.318521333367807,0.318521333367807
y2001,EUR,0.719177763320697,0.719177763320697,0.719177763320697,0.719177763320697,0.719177763320697
y2001,NEU,0.635050426386428,0.635050426386428,0.635050426386428,0.635050426386428,0.635050426386428
y2001,MEA,0.561652103542379,0.561652103542379,0.561652103542379,0.561652103542379,0.561652103542379
y2001,REF,0.652744957306576,0.652744957306576,0.652744957306576,0.652744957306576,0.652744957306576
y2001,CAZ,0.817773769230397,0.817773769230397,0.817773769230397,0.817773769230397,0.817773769230397
y2001,CHA,0.384954870928047,0.384954870928047,0.384954870928047,0.384954870928047,0.384954870928047
y2001,IND,0.27918,0.27918,0.27918,0.27918,0.27918
y2001,JPN,0.7999,0.7999,0.7999,0.7999,0.7999
y2001,USA,0.79234,0.79234,0.79234,0.79234,0.79234
y2002,LAM,0.760300107127848,0.760300107127848,0.760300107127848,0.760300107127848,0.760300107127848
y2002,OAS,0.372227569399996,0.372227569399996,0.372227569399996,0.372227569399996,0.372227569399996
y2002,SSA,0.323058440921302,0.323058440921302,0.323058440921302,0.323058440921302,0.323058440921302
y2002,EUR,0.721555257365337,0.721555257365337,0.721555257365337,0.721555257365337,0.721555257365337
y2002,NEU,0.640489364338134,0.640489364338134,0.640489364338134,0.640489364338134,0.640489364338134
y2002,MEA,0.565012852992729,0.565012852992729,0.565012852992729,0.565012852992729,0.565012852992729
y2002,REF,0.652825095850303,0.652825095850303,0.652825095850303,0.652825095850303,0.652825095850303
y2002,CAZ,0.818723861428176,0.818723861428176,0.818723861428176,0.818723861428176,0.818723861428176
y2002,CHA,0.397960728792869,0.397960728792869,0.397960728792869,0.397960728792869,0.397960728792869
y2002,IND,0.28244,0.28244,0.28244,0.28244,0.28244
y2002,JPN,0.81647,0.81647,0.81647,0.81647,0.81647
y2002,USA,0.79409,0.79409,0.79409,0.79409,0.79409
y2003,LAM,0.763517227309233,0.763517227309233,0.763517227309233,0.763517227309233,0.763517227309233
y2003,OAS,0.376754106511574,0.376754106511574,0.376754106511574,0.376754106511574,0.376754106511574
y2003,SSA,0.327610308898342,0.327610308898342,0.327610308898342,0.327610308898342,0.327610308898342
y2003,EUR,0.723870393074916,0.723870393074916,0.723870393074916,0.723870393074916,0.723870393074916
y2003,NEU,0.645960028262771,0.645960028262771,0.645960028262771,0.645960028262771,0.645960028262771
y2003,MEA,0.56838936767904,0.56838936767904,0.56838936767904,0.56838936767904,0.56838936767904
y2003,REF,0.6532245505481,0.6532245505481,0.6532245505481,0.6532245505481,0.6532245505481
y2003,CAZ,0.819705167610915,0.819705167610915,0.819705167610915,0.819705167610915,0.819705167610915
y2003,CHA,0.411134507049257,0.411134507049257,0.411134507049257,0.411134507049257,0.411134507049257
y2003,IND,0.28572,0.28572,0.28572,0.28572,0.28572
y2003,JPN,0.83196,0.83196,0.83196,0.83196,0.83196
y2003,USA,0.79583,0.79583,0.79583,0.79583,0.79583
y2004,LAM,0.766605948452075,0.766605948452075,0.766605948452075,0.766605948452075,0.766605948452075
y2004,OAS,0.381474342349213,0.381474342349213,0.381474342349213,0.381474342349213,0.381474342349213
y2004,SSA,0.332204823138909,0.332204823138909,0.332204823138909,0.332204823138909,0.332204823138909
y2004,EUR,0.72615533481885,0.72615533481885,0.72615533481885,0.72615533481885,0.72615533481885
y2004,NEU,0.651433337491171,0.651433337491171,0.651433337491171,0.651433337491171,0.651433337491171
y2004,MEA,0.571937609781683,0.571937609781683,0.571937609781683,0.571937609781683,0.571937609781683
y2004,REF,0.65373475934897,0.65373475934897,0.65373475934897,0.65373475934897,0.65373475934897
y2004,CAZ,0.82065170350863,0.82065170350863,0.82065170350863,0.82065170350863,0.82065170350863
y2004,CHA,0.424503819775446,0.424503819775446,0.424503819775446,0.424503819775446,0.424503819775446
y2004,IND,0.28903,0.28903,0.28903,0.28903,0.28903
y2004,JPN,0.8464,0.8464,0.8464,0.8464,0.8464
y2004,USA,0.79757,0.79757,0.79757,0.79757,0.79757
y2005,LAM,0.769668911264305,0.769668911264305,0.769668911264305,0.769668911264305,0.769668911264305
y2005,OAS,0.386221945544945,0.386221945544945,0.386221945544945,0.386221945544945,0.386221945544945
y2005,SSA,0.336963525041882,0.336963525041882,0.336963525041882,0.336963525041882,0.336963525041882
y2005,EUR,0.728451994557225,0.728451994557225,0.728451994557225,0.728451994557225,0.728451994557225
y2005,NEU,0.65685833162144,0.65685833162144,0.65685833162144,0.65685833162144,0.65685833162144
y2005,MEA,0.575828567445956,0.575828567445956,0.575828567445956,0.575828567445956,0.575828567445956
y2005,REF,0.65429911606406,0.65429911606406,0.65429911606406,0.65429911606406,0.65429911606406
y2005,CAZ,0.821589210263752,0.821589210263752,0.821589210263752,0.821589210263752,0.821589210263752
y2005,CHA,0.437958223000136,0.437958223000136,0.437958223000136,0.437958223000136,0.437958223000136
y2005,IND,0.29235,0.29235,0.29235,0.29235,0.29235
y2005,JPN,0.85978,0.85978,0.85978,0.85978,0.85978
y2005,USA,0.79928,0.79928,0.79928,0.79928,0.79928
y2006,LAM,0.772671941475988,0.772671941475988,0.772671941475988,0.772671941475988,0.772671941475988
y2006,OAS,0.390941651933102,0.390941651933102,0.390941651933102,0.390941651933102,0.390941651933102
y2006,SSA,0.341695188153105,0.341695188153105,0.341695188153105,0.341695188153105,0.341695188153105
y2006,EUR,0.73073479493117,0.73073479493117,0.73073479493117,0.73073479493117,0.73073479493117
y2006,NEU,0.662258807967173,0.662258807967173,0.662258807967173,0.662258807967173,0.662258807967173
y2006,MEA,0.579892112584737,0.579892112584737,0.579892112584737,0.579892112584737,0.579892112584737
y2006,REF,0.654885604973492,0.654885604973492,0.654885604973492,0.654885604973492,0.654885604973492
y2006,CAZ,0.822608975530885,0.822608975530885,0.822608975530885,0.822608975530885,0.822608975530885
y2006,CHA,0.451106414726411,0.451106414726411,0.451106414726411,0.451106414726411,0.451106414726411
y2006,IND,0.29569,0.29569,0.29569,0.29569,0.29569
y2006,JPN,0.87118,0.87118,0.87118,0.87118,0.87118
y2006,USA,0.80099,0.80099,0.80099,0.80099,0.80099
y2007,LAM,0.77562167134303,0.77562167134303,0.77562167134303,0.77562167134303,0.77562167134303
y2007,OAS,0.395710805268379,0.395710805268379,0.395710805268379,0.395710805268379,0.395710805268379
y2007,SSA,0.345988536854554,0.345988536854554,0.345988536854554,0.345988536854554,0.345988536854554
y2007,EUR,0.733042620153645,0.733042620153645,0.733042620153645,0.733042620153645,0.733042620153645
y2007,NEU,0.667567092059018,0.667567092059018,0.667567092059018,0.667567092059018,0.667567092059018
y2007,MEA,0.583767142552152,0.583767142552152,0.583767142552152,0.583767142552152,0.583767142552152
y2007,REF,0.655526615574462,0.655526615574462,0.655526615574462,0.655526615574462,0.655526615574462
y2007,CAZ,0.824116857656329,0.824116857656329,0.824116857656329,0.824116857656329,0.824116857656329
y2007,CHA,0.464112605961251,0.464112605961251,0.464112605961251,0.464112605961251,0.464112605961251
y2007,IND,0.29906,0.29906,0.29906,0.29906,0.29906
y2007,JPN,0.88146,0.88146,0.88146,0.88146,0.88146
y2007,USA,0.80269,0.80269,0.80269,0.80269,0.80269
y2008,LAM,0.778506731778304,0.778506731778304,0.778506731778304,0.778506731778304,0.778506731778304
y2008,OAS,0.400581569239508,0.400581569239508,0.400581569239508,0.400581569239508,0.400581569239508
y2008,SSA,0.351191797336738,0.351191797336738,0.351191797336738,0.351191797336738,0.351191797336738
y2008,EUR,0.735340763561346,0.735340763561346,0.735340763561346,0.735340763561346,0.735340763561346
y2008,NEU,0.673085778109259,0.673085778109259,0.673085778109259,0.673085778109259,0.673085778109259
y2008,MEA,0.58749088885945,0.58749088885945,0.58749088885945,0.58749088885945,0.58749088885945
y2008,REF,0.656147181728358,0.656147181728358,0.656147181728358,0.656147181728358,0.656147181728358
y2008,CAZ,0.825614785019896,0.825614785019896,0.825614785019896,0.825614785019896,0.825614785019896
y2008,CHA,0.477196010780845,0.477196010780845,0.477196010780845,0.477196010780845,0.477196010780845
y2008,IND,0.30246,0.30246,0.30246,0.30246,0.30246
y2008,JPN,0.89103,0.89103,0.89103,0.89103,0.89103
y2008,USA,0.80438,0.80438,0.80438,0.80438,0.80438
y2009,LAM,0.781318447222001,0.781318447222001,0.781318447222001,0.781318447222001,0.781318447222001
y2009,OAS,0.405378203649014,0.405378203649014,0.405378203649014,0.405378203649014,0.405378203649014
y2009,SSA,0.356435365466226,0.356435365466226,0.356435365466226,0.356435365466226,0.356435365466226
y2009,EUR,0.73754922107205,0.73754922107205,0.73754922107205,0.73754922107205,0.73754922107205
y2009,NEU,0.678562635146161,0.678562635146161,0.678562635146161,0.678562635146161,0.678562635146161
y2009,MEA,0.591089052155991,0.591089052155991,0.591089052155991,0.591089052155991,0.591089052155991
y2009,REF,0.656758824069551,0.656758824069551,0.656758824069551,0.656758824069551,0.656758824069551
y2009,CAZ,0.827099309373979,0.827099309373979,0.827099309373979,0.827099309373979,0.827099309373979
y2009,CHA,0.490268634019746,0.490268634019746,0.490268634019746,0.490268634019746,0.490268634019746
y2009,IND,0.30587,0.30587,0.30587,0.30587,0.30587
y2009,JPN,0.89989,0.89989,0.89989,0.89989,0.89989
y2009,USA,0.80606,0.80606,0.80606,0.80606,0.80606
y2010,LAM,0.784115495788424,0.784115495788424,0.784115495788424,0.784115495788424,0.784115495788424
y2010,OAS,0.410225532604564,0.410225532604564,0.410225532604564,0.410225532604564,0.410225532604564
y2010,SSA,0.361749196986968,0.361749196986968,0.361749196986968,0.361749196986968,0.361749196986968
y2010,EUR,0.739770543699603,0.739770543699603,0.739770543699603,0.739770543699603,0.739770543699603
y2010,NEU,0.684000178242992,0.684000178242992,0.684000178242992,0.684000178242992,0.684000178242992
y2010,MEA,0.593738796953803,0.593738796953803,0.593738796953803,0.593738796953803,0.593738796953803
y2010,REF,0.657290345381358,0.657290345381358,0.657290345381358,0.657290345381358,0.657290345381358
y2010,CAZ,0.828537102182561,0.828537102182561,0.828537102182561,0.828537102182561,0.828537102182561
y2010,CHA,0.503406923791039,0.503406923791039,0.503406923791039,0.503406923791039,0.503406923791039
y2010,IND,0.3093,0.3093,0.3093,0.3093,0.3093
y2010,JPN,0.90812,0.90812,0.90812,0.90812,0.90812
y2010,USA,0.80772,0.80772,0.80772,0.80772,0.80772
y2011,LAM,0.786872964550794,0.786872964550794,0.786872964550794,0.786872964550794,0.786872964550794
y2011,OAS,0.414706887753336,0.414706887753336,0.414706887753336,0.414706887753336,0.414706887753336
y2011,SSA,0.367116235304633,0.367116235304633,0.367116235304633,0.367116235304633,0.367116235304633
y2011,EUR,0.741902153071708,0.741902153071708,0.741902153071708,0.741902153071708,0.741902153071708
y2011,NEU,0.689438588592185,0.689438588592185,0.689438588592185,0.689438588592185,0.689438588592185
y2011,MEA,0.596478480198285,0.596478480198285,0.596478480198285,0.596478480198285,0.596478480198285
y2011,REF,0.657562422893278,0.657562422893278,0.657562422893278,0.657562422893278,0.657562422893278
y2011,CAZ,0.829850779162224,0.829850779162224,0.829850779162224,0.829850779162224,0.829850779162224
y2011,CHA,0.515952633400528,0.515952633400528,0.515952633400528,0.515952633400528,0.515952633400528
y2011,IND,0.31276,0.31276,0.31276,0.31276,0.31276
y2011,JPN,0.91069,0.91069,0.91069,0.91069,0.91069
y2011,USA,0.80944,0.80944,0.80944,0.80944,0.80944
y2012,LAM,0.789547609258164,0.789547609258164,0.789547609258164,0.789547609258164,0.789547609258164
y2012,OAS,0.419075225878454,0.419075225878454,0.419075225878454,0.419075225878454,0.419075225878454
y2012,SSA,0.372400429726875,0.372400429726875,0.372400429726875,0.372400429726875,0.372400429726875
y2012,EUR,0.743939248636953,0.743939248636953,0.743939248636953,0.743939248636953,0.743939248636953
y2012,NEU,0.69474663286218,0.69474663286218,0.69474663286218,0.69474663286218,0.69474663286218
y2012,MEA,0.599372423317377,0.599372423317377,0.599372423317377,0.599372423317377,0.599372423317377
y2012,REF,0.657626442512981,0.657626442512981,0.657626442512981,0.657626442512981,0.657626442512981
y2012,CAZ,0.830544512503583,0.830544512503583,0.830544512503583,0.830544512503583,0.830544512503583
y2012,CHA,0.528205021950823,0.528205021950823,0.528205021950823,0.528205021950823,0.528205021950823
y2012,IND,0.31634,0.31634,0.31634,0.31634,0.31634
y2012,JPN,0.91148,0.91148,0.91148,0.91148,0.91148
y2012,USA,0.81119,0.81119,0.81119,0.81119,0.81119
y2013,LAM,0.792171370853589,0.792171370853589,0.792171370853589,0.792171370853589,0.792171370853589
y2013,OAS,0.423613352385482,0.423613352385482,0.423613352385482,0.423613352385482,0.423613352385482
y2013,SSA,0.37772929766735,0.37772929766735,0.37772929766735,0.37772929766735,0.37772929766735
y2013,EUR,0.745911341858756,0.745911341858756,0.745911341858756,0.745911341858756,0.745911341858756
y2013,NEU,0.699901986706907,0.699901986706907,0.699901986706907,0.699901986706907,0.699901986706907
y2013,MEA,0.603072965337413,0.603072965337413,0.603072965337413,0.603072965337413,0.603072965337413
y2013,REF,0.657740679159396,0.657740679159396,0.657740679159396,0.657740679159396,0.657740679159396
y2013,CAZ,0.831238247813616,0.831238247813616,0.831238247813616,0.831238247813616,0.831238247813616
y2013,CHA,0.540387517273943,0.540387517273943,0.540387517273943,0.540387517273943,0.540387517273943
y2013,IND,0.32003,0.32003,0.32003,0.32003,0.32003
y2013,JPN,0.91226,0.91226,0.91226,0.91226,0.91226
y2013,USA,0.81299,0.81299,0.81299,0.81299,0.81299
y2014,LAM,0.794778026129661,0.794778026129661,0.794778026129661,0.794778026129661,0.794778026129661
y2014,OAS,0.428007640113293,0.428007640113293,0.428007640113293,0.428007640113293,0.428007640113293
y2014,SSA,0.383180774446128,0.383180774446128,0.383180774446128,0.383180774446128,0.383180774446128
y2014,EUR,0.747852054663556,0.747852054663556,0.747852054663556,0.747852054663556,0.747852054663556
y2014,NEU,0.704987151291087,0.704987151291087,0.704987151291087,0.704987151291087,0.704987151291087
y2014,MEA,0.606621423805756,0.606621423805756,0.606621423805756,0.606621423805756,0.606621423805756
y2014,REF,0.657912017130737,0.657912017130737,0.657912017130737,0.657912017130737,0.657912017130737
y2014,CAZ,0.831933038384486,0.831933038384486,0.831933038384486,0.831933038384486,0.831933038384486
y2014,CHA,0.552562087182408,0.552562087182408,0.552562087182408,0.552562087182408,0.552562087182408
y2014,IND,0.32384,0.32384,0.32384,0.32384,0.32384
y2014,JPN,0.91304,0.91304,0.91304,0.91304,0.91304
y2014,USA,0.81483,0.81483,0.81483,0.81483,0.81483
y2015,LAM,0.797362986812013,0.797362986812013,0.797362986812013,0.797362986812013,0.797362986812013
y2015,OAS,0.432399114098756,0.432399114098756,0.432399114098756,0.432399114098756,0.432399114098756
y2015,SSA,0.388777099095358,0.388777099095358,0.388777099095358,0.388777099095358,0.388777099095358
y2015,EUR,0.749903448659682,0.749903448659682,0.749903448659682,0.749903448659682,0.749903448659682
y2015,NEU,0.710012913735024,0.710012913735024,0.710012913735024,0.710012913735024,0.710012913735024
y2015,MEA,0.610671432668184,0.610671432668184,0.610671432668184,0.610671432668184,0.610671432668184
y2015,REF,0.658147579027629,0.658147579027629,0.658147579027629,0.658147579027629,0.658147579027629
y2015,CAZ,0.832661415420843,0.832661415420843,0.832661415420843,0.832661415420843,0.832661415420843
y2015,CHA,0.564692549093286,0.564692549093286,0.564692549093286,0.564692549093286,0.564692549093286
y2015,IND,0.32777,0.32777,0.32777,0.32777,0.32777
y2015,JPN,0.91381,0.91381,0.91381,0.91381,0.91381
y2015,USA,0.81671,0.81671,0.81671,0.81671,0.81671
y2016,LAM,0.799896273711286,0.799896273711286,0.799896273711286,0.799896273711286,0.799896273711286
y2016,OAS,0.436814269006235,0.436814269006235,0.436814269006235,0.436814269006235,0.436814269006235
y2016,SSA,0.394255062437701,0.394255062437701,0.394255062437701,0.394255062437701,0.394255062437701
y2016,EUR,0.752009458256513,0.752009458256513,0.752009458256513,0.752009458256513,0.752009458256513
y2016,NEU,0.714944185096031,0.714944185096031,0.714944185096031,0.714944185096031,0.714944185096031
y2016,MEA,0.614001520896129,0.614001520896129,0.614001520896129,0.614001520896129,0.614001520896129
y2016,REF,0.658471596233684,0.658471596233684,0.658471596233684,0.658471596233684,0.658471596233684
y2016,CAZ,0.833364862949914,0.833364862949914,0.833364862949914,0.833364862949914,0.833364862949914
y2016,CHA,0.576764487106263,0.576764487106263,0.576764487106263,0.576764487106263,0.576764487106263
y2016,IND,0.33182,0.33182,0.33182,0.33182,0.33182
y2016,JPN,0.91457,0.91457,0.91457,0.91457,0.91457
y2016,USA,0.81862,0.81862,0.81862,0.81862,0.81862
y2017,LAM,0.802350547114318,0.802350547114318,0.802350547114318,0.802350547114318,0.802350547114318
y2017,OAS,0.44117848067735,0.44117848067735,0.44117848067735,0.44117848067735,0.44117848067735
y2017,SSA,0.399730489980047,0.399730489980047,0.399730489980047,0.399730489980047,0.399730489980047
y2017,EUR,0.754158221898363,0.754158221898363,0.754158221898363,0.754158221898363,0.754158221898363
y2017,NEU,0.719759130031417,0.719759130031417,0.719759130031417,0.719759130031417,0.719759130031417
y2017,MEA,0.61640187953416,0.61640187953416,0.61640187953416,0.61640187953416,0.61640187953416
y2017,REF,0.658874592823465,0.658874592823465,0.658874592823465,0.658874592823465,0.658874592823465
y2017,CAZ,0.834140096412188,0.834140096412188,0.834140096412188,0.834140096412188,0.834140096412188
y2017,CHA,0.58871282403102,0.58871282403102,0.58871282403102,0.58871282403102,0.58871282403102
y2017,IND,0.336,0.336,0.336,0.336,0.336
y2017,JPN,0.91535,0.91535,0.91535,0.91535,0.91535
y2017,USA,0.82058,0.82058,0.82058,0.82058,0.82058
y2018,LAM,0.804688541854681,0.804688541854681,0.804688541854681,0.804688541854681,0.804688541854681
y2018,OAS,0.445590272317572,0.445590272317572,0.445590272317572,0.445590272317572,0.445590272317572
y2018,SSA,0.405253326348693,0.405253326348693,0.405253326348693,0.405253326348693,0.405253326348693
y2018,EUR,0.756360787305537,0.756360787305537,0.756360787305537,0.756360787305537,0.756360787305537
y2018,NEU,0.7245384546664,0.7245384546664,0.7245384546664,0.7245384546664,0.7245384546664
y2018,MEA,0.618268527838123,0.618268527838123,0.618268527838123,0.618268527838123,0.618268527838123
y2018,REF,0.659362527990003,0.659362527990003,0.659362527990003,0.659362527990003,0.659362527990003
y2018,CAZ,0.834948399607313,0.834948399607313,0.834948399607313,0.834948399607313,0.834948399607313
y2018,CHA,0.600363371940628,0.600363371940628,0.600363371940628,0.600363371940628,0.600363371940628
y2018,IND,0.3403,0.3403,0.3403,0.3403,0.3403
y2018,JPN,0.91616,0.91616,0.91616,0.91616,0.91616
y2018,USA,0.82256,0.82256,0.82256,0.82256,0.82256
y2019,LAM,0.807039458621371,0.807039458621371,0.807039458621371,0.807039458621371,0.807039458621371
y2019,OAS,0.449989637093804,0.449989637093804,0.449989637093804,0.449989637093804,0.449989637093804
y2019,SSA,0.41068287729006,0.41068287729006,0.41068287729006,0.41068287729006,0.41068287729006
y2019,EUR,0.758669854632871,0.758669854632871,0.758669854632871,0.758669854632871,0.758669854632871
y2019,NEU,0.729297600290902,0.729297600290902,0.729297600290902,0.729297600290902,0.729297600290902
y2019,MEA,0.620434206295138,0.620434206295138,0.620434206295138,0.620434206295138,0.620434206295138
y2019,REF,0.659959348043846,0.659959348043846,0.659959348043846,0.659959348043846,0.659959348043846
y2019,CAZ,0.835821309252771,0.835821309252771,0.835821309252771,0.835821309252771,0.835821309252771
y2019,CHA,0.61166861321736,0.61166861321736,0.61166861321736,0.61166861321736,0.61166861321736
y2019,IND,0.34472,0.34472,0.34472,0.34472,0.34472
y2019,JPN,0.91698,0.91698,0.91698,0.91698,0.91698
y2019,USA,0.82459,0.82459,0.82459,0.82459,0.82459
y2020,LAM,0.809451498132366,0.809451498132366,0.809451498132366,0.809451498132366,0.809451498132366
y2020,OAS,0.454258688230775,0.454258688230775,0.454258688230775,0.454258688230775,0.454258688230775
y2020,SSA,0.416124577173815,0.416124577173815,0.416124577173815,0.416124577173815,0.416124577173815
y2020,EUR,0.760961798264297,0.760961798264297,0.760961798264297,0.760961798264297,0.760961798264297
y2020,NEU,0.733918981863288,0.733918981863288,0.733918981863288,0.733918981863288,0.733918981863288
y2020,MEA,0.623277057516493,0.623277057516493,0.623277057516493,0.623277057516493,0.623277057516493
y2020,REF,0.660615560429761,0.660615560429761,0.660615560429761,0.660615560429761,0.660615560429761
y2020,CAZ,0.836802344886986,0.836802344886986,0.836802344886986,0.836802344886986,0.836802344886986
y2020,CHA,0.622608308168612,0.622608308168612,0.622608308168612,0.622608308168612,0.622608308168612
y2020,IND,0.34926,0.34926,0.34926,0.34926,0.34926
y2020,JPN,0.91782,0.91782,0.91782,0.91782,0.91782
y2020,USA,0.82664,0.82664,0.82664,0.82664,0.82664
y2021,LAM,0.81184420945149,0.81184420945149,0.81184420945149,0.81184420945149,0.81184420945149
y2021,OAS,0.458412237022506,0.458412237022506,0.458412237022506,0.458412237022506,0.458412237022506
y2021,SSA,0.421593258751183,0.421593258751183,0.421593258751183,0.421593258751183,0.421593258751183
y2021,EUR,0.763535251951236,0.763535251951236,0.763535251951236,0.763535251951236,0.763535251951236
y2021,NEU,0.738531987851535,0.738531987851535,0.738531987851535,0.738531987851535,0.738531987851535
y2021,MEA,0.625210855883752,0.625210855883752,0.625210855883752,0.625210855883752,0.625210855883752
y2021,REF,0.661329653628567,0.661329653628567,0.661329653628567,0.661329653628567,0.661329653628567
y2021,CAZ,0.837781247065221,0.837781247065221,0.837781247065221,0.837781247065221,0.837781247065221
y2021,CHA,0.633192977906617,0.633192977906617,0.633192977906617,0.633192977906617,0.633192977906617
y2021,IND,0.35393,0.35393,0.35393,0.35393,0.35393
y2021,JPN,0.91867,0.91867,0.91867,0.91867,0.91867
y2021,USA,0.82873,0.82873,0.82873,0.82873,0.82873
y2022,LAM,0.814226454518051,0.814226454518051,0.814226454518051,0.814226454518051,0.814226454518051
y2022,OAS,0.462953993806206,0.462953993806206,0.462953993806206,0.462953993806206,0.462953993806206
y2022,SSA,0.427089585132866,0.427089585132866,0.427089585132866,0.427089585132866,0.427089585132866
y2022,EUR,0.76603710716339,0.76603710716339,0.76603710716339,0.76603710716339,0.76603710716339
y2022,NEU,0.743257982497664,0.743257982497664,0.743257982497664,0.743257982497664,0.743257982497664
y2022,MEA,0.628873806736307,0.628873806736307,0.628873806736307,0.628873806736307,0.628873806736307
y2022,REF,0.661833731618165,0.661833731618165,0.661833731618165,0.661833731618165,0.661833731618165
y2022,CAZ,0.838780279026482,0.838780279026482,0.838780279026482,0.838780279026482,0.838780279026482
y2022,CHA,0.643424784968102,0.643424784968102,0.643424784968102,0.643424784968102,0.643424784968102
y2022,IND,0.35872,0.35872,0.35872,0.35872,0.35872
y2022,JPN,0.91955,0.91955,0.91955,0.91955,0.91955
y2022,USA,0.83084,0.83084,0.83084,0.83084,0.83084
y2023,LAM,0.816595963126674,0.816595963126674,0.816595963126674,0.816595963126674,0.816595963126674
y2023,OAS,0.467711198601758,0.467711198601758,0.467711198601758,0.467711198601758,0.467711198601758
y2023,SSA,0.432506362671605,0.432506362671605,0.432506362671605,0.432506362671605,0.432506362671605
y2023,EUR,0.768486636766309,0.768486636766309,0.768486636766309,0.768486636766309,0.768486636766309
y2023,NEU,0.747564130811601,0.747564130811601,0.747564130811601,0.747564130811601,0.747564130811601
y2023,MEA,0.632553211224703,0.632553211224703,0.632553211224703,0.632553211224703,0.632553211224703
y2023,REF,0.662504714565024,0.662504714565024,0.662504714565024,0.662504714565024,0.662504714565024
y2023,CAZ,0.839879725182612,0.839879725182612,0.839879725182612,0.839879725182612,0.839879725182612
y2023,CHA,0.653354196024071,0.653354196024071,0.653354196024071,0.653354196024071,0.653354196024071
y2023,IND,0.36364,0.36364,0.36364,0.36364,0.36364
y2023,JPN,0.92043,0.92043,0.92043,0.92043,0.92043
y2023,USA,0.83298,0.83298,0.83298,0.83298,0.83298
y2024,LAM,0.818688322330018,0.818385716732632,0.817723958939418,0.818670560195291,0.818688322330018
y2024,OAS,0.474162876885861,0.472163686895068,0.469207706862945,0.474162876885861,0.474162876885861
y2024,SSA,0.439412259022092,0.437044469427523,0.434249276934585,0.439412259022092,0.439412259022092
y2024,EUR,0.771970556417332,0.771347375079138,0.770208889116295,0.771437722118682,0.771970556417332
y2024,NEU,0.751509970731642,0.750545424794484,0.748566931174783,0.751463598300395,0.751509970731642
y2024,MEA,0.635986988881625,0.634944050080826,0.632822459623442,0.635989813331328,0.635986988881625
y2024,REF,0.665913628287977,0.665142398950239,0.663069361737309,0.665913628287977,0.665913628287977
y2024,CAZ,0.841630168546977,0.841630168546977,0.841630168546977,0.841630168546977,0.841630168546977
y2024,CHA,0.660630777446619,0.65883357261346,0.656172975896376,0.660630777446619,0.660630777446619
y2024,IND,0.371560573470731,0.369240649459212,0.365631120242424,0.371560573470731,0.371560573470731
y2024,JPN,0.925123491990497,0.924410403359784,0.921131607049443,0.924410403359784,0.925123491990497
y2024,USA,0.834993672332808,0.834993672332808,0.834993672332808,0.834993672332808,0.834993672332808
y2025,LAM,0.820782752653715,0.820175850087186,0.818850098977685,0.820747422138537,0.820782752653715
y2025,OAS,0.480617789581493,0.476618732988659,0.470706862349866,0.480617789581493,0.480617789581493
y2025,SSA,0.446339785639592,0.441601924326699,0.436007174812315,0.446339785639592,0.446339785639592
y2025,EUR,0.775338535212622,0.774096129420206,0.771825247563,0.774275413578314,0.775338535212622
y2025,NEU,0.755443748195436,0.753517303723887,0.749559843104696,0.755350679447007,0.755443748195436
y2025,MEA,0.639439798706811,0.637346396691719,0.633096059457536,0.639445440141621,0.639439798706811
y2025,REF,0.669312900531769,0.667756307129943,0.663601710729831,0.669312900531769,0.669312900531769
y2025,CAZ,0.843378877728454,0.843378877728454,0.843378877728454,0.843378877728454,0.843378877728454
y2025,CHA,0.667907489779182,0.66431320412625,0.658992194282508,0.667907489779182,0.667907489779182
y2025,IND,0.379481146941462,0.374841298918424,0.367622240484848,0.379481146941462,0.379481146941462
y2025,JPN,0.929816983980994,0.928390806719568,0.921833214098886,0.928390806719568,0.929816983980994
y2025,USA,0.837007344665615,0.837007344665615,0.837007344665615,0.837007344665615,0.837007344665615
y2030,LAM,0.831296486144242,0.829115863164567,0.824390534149764,0.831131914213541,0.831330137931649
y2030,OAS,0.512971084522118,0.498894255633156,0.478114853707129,0.512837579052936,0.513049168803017
y2030,SSA,0.481173665551629,0.464512094629319,0.444818629491341,0.481114945278675,0.481214632981744
y2030,EUR,0.791161891635813,0.786845057644596,0.778951773887784,0.787455009686524,0.791223771030231
y2030,NEU,0.775045004768752,0.76835847829049,0.75448564802143,0.774723475513492,0.775084904485526
y2030,MEA,0.657550060610067,0.650066197189327,0.634967025960578,0.657521159619802,0.657652798235549
y2030,REF,0.686463779068257,0.680690703858579,0.665857930540553,0.686268735959192,0.686607987004371
y2030,CAZ,0.852124129265153,0.852125534555113,0.852128350037006,0.852124052637752,0.852123351580311
y2030,CHA,0.704274349092415,0.691695342203407,0.673075015115948,0.704271426002913,0.704270313767591
y2030,IND,0.419084014295116,0.402844546214486,0.377577841696968,0.419084014295116,0.419084014295116
y2030,JPN,0.95328444393348,0.948292823518488,0.925341249346102,0.948292823518488,0.95328444393348
y2030,USA,0.847075706329652,0.847075706329652,0.847075706329652,0.847075706329652,0.847075706329652
y2035,LAM,0.842081808301333,0.838130694313605,0.829735881794449,0.841552122150659,0.842281817422526
y2035,OAS,0.545682855166119,0.521066088652613,0.484915227027649,0.544558894353785,0.546179044822103
y2035,SSA,0.516654369719051,0.487734417304957,0.453639100858406,0.516142472723547,0.516916354811607
y2035,EUR,0.806868111957075,0.799546340330395,0.786049581140883,0.800527857048566,0.80722532428088
y2035,NEU,0.794309745207511,0.782964046599348,0.759141095802944,0.793792916826202,0.794477936791501
y2035,MEA,0.67722207297235,0.663891012136985,0.63721542903082,0.676824337879384,0.677797001812575
y2035,REF,0.70501816924587,0.694269055131596,0.66776791310134,0.703566025341941,0.705892925937245
y2035,CAZ,0.860893163483952,0.860903126773575,0.860923187711625,0.860894601834923,0.860886465266321
y2035,CHA,0.740572663473125,0.719001532309357,0.687063906847286,0.740549078254937,0.740557653979673
y2035,IND,0.45868688164877,0.430847793510547,0.387533442909089,0.45868688164877,0.45868688164877
y2035,JPN,0.976751903885966,0.968194840317407,0.928849284593318,0.968194840317407,0.976751903885966
y2035,USA,0.857144067993689,0.857144067993689,0.857144067993689,0.857144067993689,0.857144067993689
y2040,LAM,0.853055813489824,0.847321038513528,0.835189460343196,0.852202250361205,0.853396150603784
y2040,OAS,0.578491194102573,0.543253612493868,0.49165206387715,0.576216278492289,0.579402162925803
y2040,SSA,0.552378193632977,0.511262640733903,0.462678808814985,0.55149466844718,0.552856624630149
y2040,EUR,0.82245393775831,0.812176463291144,0.793194735168971,0.813496862456849,0.823070182393779
y2040,NEU,0.813417950640669,0.797455085870568,0.763678442780514,0.812686746695798,0.813628063289427
y2040,MEA,0.697208138361393,0.67796082605686,0.63949365862195,0.696460148283143,0.698170507719828
y2040,REF,0.724353502036329,0.708371738198304,0.669934492075972,0.721532479383855,0.725880836022324
y2040,CAZ,0.869624230435545,0.869642519147619,0.869679893013638,0.869629643595847,0.869608792914085
y2040,CHA,0.776868530761431,0.746302385312046,0.701029203457887,0.776834759110788,0.776852144469154
y2040,IND,0.498289749002425,0.458851040806609,0.397489044121209,0.498289749002425,0.498289749002425
y2040,JPN,0.99,0.988096857116327,0.932357319840534,0.988096857116327,0.99
y2040,USA,0.867212429657726,0.867212429657726,0.867212429657726,0.867212429657726,0.867212429657726
y2045,LAM,0.861108508998084,0.854793439051306,0.840234856660273,0.860097487565404,0.861571175249436
y2045,OAS,0.606403481545117,0.562928021101816,0.498246311301332,0.603050996469413,0.607715892798362
y2045,SSA,0.584414700902206,0.532838629167062,0.471051726325609,0.583247110524891,0.585086474635029
y2045,EUR,0.83450126535394,0.822851516326584,0.799528896612888,0.824434599281415,0.835332093453749
y2045,NEU,0.828471160315126,0.810410098486232,0.767427694026107,0.827784153288266,0.828651345996161
y2045,MEA,0.713062235509999,0.689727687806698,0.641351801221021,0.712077946439324,0.714348501277962
y2045,REF,0.740102077480278,0.720670575290755,0.672157285296135,0.736169355562749,0.742183182175998
y2045,CAZ,0.87690257280033,0.876927382707082,0.876979622597307,0.876912717324981,0.876876447210737
y2045,CHA,0.804300890244182,0.76796281601158,0.71151450210741,0.804264302853233,0.804289217541738
y2045,IND,0.533453369600776,0.485686053887117,0.407688219974198,0.533453369600776,0.533453369600776
y2045,JPN,0.99,0.99,0.934455855465638,0.99,0.99
y2045,USA,0.87579862315046,0.87579862315046,0.87579862315046,0.87579862315046,0.87579862315046
y2050,LAM,0.869163292917683,0.86238723737924,0.845387817685182,0.868154576300471,0.869725299712109
y2050,OAS,0.634326632095202,0.582616728386718,0.504830574751964,0.629876155234317,0.636024438207059
y2050,SSA,0.616575098150867,0.554567290614931,0.479525348094751,0.615161312100647,0.61741173283904
y2050,EUR,0.846456630885803,0.833466440344721,0.805904214058885,0.835298548561683,0.847455361162134
y2050,NEU,0.84335626643303,0.823233059405249,0.771050479347133,0.84269664851263,0.843442145309036
y2050,MEA,0.729056477777086,0.701751356773408,0.643311896609569,0.727906306353965,0.730604150666912
y2050,REF,0.756490844231842,0.733597320283143,0.674919324151812,0.751690890994199,0.758996976148606
y2050,CAZ,0.884155943296275,0.884183759998742,0.884245799614193,0.884169485942865,0.884119257671687
y2050,CHA,0.83175480051146,0.789651682170806,0.722035018330591,0.831720742614588,0.83175221843649
y2050,IND,0.568616990199127,0.512521066967625,0.417887395827187,0.568616990199127,0.568616990199127
y2050,JPN,0.99,0.99,0.936554391090741,0.99,0.99
y2050,USA,0.884384816643194,0.884384816643194,0.884384816643194,0.884384816643194,0.884384816643194
y2055,LAM,0.875264387831728,0.868612651901975,0.850268147317842,0.874237721352991,0.875915283952499
y2055,OAS,0.657320054583342,0.599839387255109,0.511221507837381,0.651725046094719,0.659391904098725
y2055,SSA,0.644207953668236,0.574204557307599,0.487350072619565,0.642552096285628,0.645175123349454
y2055,EUR,0.855400338007277,0.842170430148881,0.811290881430714,0.844180939259811,0.856529949149302
y2055,NEU,0.855080445481976,0.834669573098668,0.774025863623443,0.854599372975856,0.855028714650276
y2055,MEA,0.741568018481263,0.711781089028814,0.644672727117032,0.740284480135393,0.743351740165615
y2055,REF,0.769887193884429,0.744929645131007,0.677752787447452,0.764361729179182,0.772723814496497
y2055,CAZ,0.890202751137843,0.890231280609791,0.890299420887699,0.890217257011481,0.890157932196771
y2055,CHA,0.852518225316267,0.80698621941826,0.729974161668762,0.852489654622957,0.852527062886769
y2055,IND,0.598325661374713,0.537605417629166,0.428307105627675,0.598325661374713,0.598325661374713
y2055,JPN,0.99,0.99,0.937818600473246,0.99,0.99
y2055,USA,0.891646987178416,0.891646987178416,0.891646987178416,0.891646987178416,0.891646987178416
y2060,LAM,0.881440111080261,0.874822654301931,0.855230384816454,0.880325572234969,0.882161175163753
y2060,OAS,0.680360093938001,0.617110294405914,0.517599595251231,0.673598242759661,0.682795322524798
y2060,SSA,0.671905094068117,0.59390981566741,0.495215944394108,0.670010713402783,0.672978479055511
y2060,EUR,0.86410642178848,0.850816433753465,0.816769336036199,0.852993349366509,0.865327666020729
y2060,NEU,0.866667394894474,0.845975270692904,0.776901206951871,0.866344754347819,0.866436718195875
y2060,MEA,0.754180352692868,0.721718437709879,0.6460328761784,0.752852058425715,0.756167368920913
y2060,REF,0.783619886467301,0.756688338536234,0.681010747804971,0.777652959552727,0.786654015082718
y2060,CAZ,0.89623033487573,0.896255783072449,0.896323494751326,0.896242505477185,0.896182010875284
y2060,CHA,0.873286341729413,0.824331729597365,0.737919768065422,0.873267568440284,0.87330732097938
y2060,IND,0.6280343325503,0.562689768290708,0.438726815428164,0.6280343325503,0.6280343325503
y2060,JPN,0.99,0.99,0.939082809855751,0.99,0.99
y2060,USA,0.898909157713638,0.898909157713638,0.898909157713638,0.898909157713638,0.898909157713638
y2065,LAM,0.886168223551185,0.879952017412068,0.859889474657628,0.884978565784969,0.886945463141426
y2065,OAS,0.698855974399534,0.632143183493982,0.524010825486861,0.691036418714029,0.701614218132142
y2065,SSA,0.694913910431477,0.611585953129809,0.502667607503547,0.692822905411528,0.696054706558523
y2065,EUR,0.870703708179477,0.858226025244636,0.821787188143591,0.860501064903272,0.871980630908417
y2065,NEU,0.875851217701677,0.856051817763779,0.77929119085523,0.875754904560995,0.875427385435442
y2065,MEA,0.763972853965437,0.72987848654635,0.647318524420609,0.762708155059053,0.766136468352966
y2065,REF,0.794659151014444,0.7669023201407,0.684491948557368,0.788412372159289,0.79779161921133
y2065,CAZ,0.90124809489205,0.901269694022908,0.901333936551358,0.901257264432661,0.901200398077293
y2065,CHA,0.889114603540672,0.838341859887867,0.743933337415213,0.889105917108337,0.889146713306922
y2065,IND,0.652289229517762,0.58568429206571,0.449341557077796,0.652289229517762,0.652289229517762
y2065,JPN,0.99,0.99,0.939847685836815,0.99,0.99
y2065,USA,0.905008512169874,0.905008512169874,0.905008512169874,0.905008512169874,0.905008512169874
y2070,LAM,0.890931103043968,0.885135976065916,0.864648004969458,0.889703944674582,0.89174215609894
y2070,OAS,0.717409787705435,0.647314398808827,0.530663510595863,0.708670393771457,0.720442937764845
y2070,SSA,0.717949563701898,0.629316588843969,0.510228086449187,0.715710887459201,0.719128572584596
y2070,EUR,0.877236867072234,0.865577116647038,0.826835781568146,0.867953698710029,0.878531497244359
y2070,NEU,0.884959005221572,0.866053994637626,0.781652963880192,0.885077506085158,0.88432401642298
y2070,MEA,0.773852246050895,0.73821751956984,0.648983684320807,0.772921699719992,0.776148839054166
y2070,REF,0.805822431808626,0.77733978779836,0.688430088563639,0.799613201876903,0.808908094477931
y2070,CAZ,0.90625117675069,0.906269323766683,0.906326228047634,0.906258090492337,0.906209323311647
y2070,CHA,0.904939844451796,0.852347374387929,0.749941418478139,0.904941202434488,0.904980516974839
y2070,IND,0.676544126485223,0.608678815840712,0.459956298727428,0.676544126485223,0.676544126485223
y2070,JPN,0.99,0.99,0.94061256181788,0.99,0.99
y2070,USA,0.91110786662611,0.91110786662611,0.91110786662611,0.91110786662611,0.91110786662611
y2075,LAM,0.894617969844633,0.889455803170635,0.869052465460448,0.89336292154921,0.895456690442679
y2075,OAS,0.732100166257707,0.660507696364754,0.537419255464108,0.722555672155651,0.73537652882462
y2075,SSA,0.736581585534858,0.645105604243768,0.517517606606325,0.734238410224774,0.737770948415948
y2075,EUR,0.882374051655569,0.871894172942989,0.831330031901249,0.874334000273239,0.883669835290852
y2075,NEU,0.892220572362191,0.874965137038293,0.783633233075918,0.892587926401747,0.891375030390124
y2075,MEA,0.781531799069625,0.74528638698829,0.650923214427659,0.781088861993908,0.783953925015467
y2075,REF,0.814749441624817,0.786417081394312,0.69265252278505,0.808631046270836,0.817754356412319
y2075,CAZ,0.910419433909928,0.910435952182816,0.910484641702083,0.910425837800007,0.910384927463242
y2075,CHA,0.917119494804531,0.863790534341164,0.754508028966486,0.917133168952669,0.917167347321521
y2075,IND,0.695904916568763,0.629449856970757,0.470738305484474,0.695904916568763,0.695904916568763
y2075,JPN,0.99,0.99,0.941076548491652,0.99,0.99
y2075,USA,0.916200285397962,0.916200285397962,0.916200285397962,0.916200285397962,0.916200285397962
y2080,LAM,0.898170507030455,0.893746761490676,0.873560286832451,0.896915464516706,0.899022048862613
y2080,OAS,0.746884086407687,0.673831687519077,0.544389056203498,0.736627930356968,0.750357451964033
y2080,SSA,0.75520919489839,0.66090844429821,0.524879076997602,0.752778060016882,0.756385562343942
y2080,EUR,0.887421358398325,0.878114348717075,0.835696092064592,0.88063207786103,0.888699858708444
y2080,NEU,0.899439878725036,0.883818594207111,0.78558327194429,0.900041709221612,0.898374893792576
y2080,MEA,0.789268862645031,0.752551955870656,0.653255224731585,0.789499146946502,0.791780457851221
y2080,REF,0.823756459456697,0.795677730637549,0.697271554819167,0.818003761351989,0.826580010886681
y2080,CAZ,0.914583563102655,0.91459750892876,0.914634430483936,0.914588572743214,0.914558998527596
y2080,CHA,0.929296992623431,0.875236528510137,0.759094849360483,0.929325195823262,0.929348346317762
y2080,IND,0.715265706652302,0.650220898100802,0.48152031224152,0.715265706652302,0.715265706652302
y2080,JPN,0.99,0.99,0.941540535165425,0.99,0.99
y2080,USA,0.921292704169814,0.921292704169814,0.921292704169814,0.921292704169814,0.921292704169814
y2085,LAM,0.900905660269331,0.897366968132017,0.877632140363855,0.899656986114352,0.901766802621754
y2085,OAS,0.758492495793906,0.685388348814877,0.551409642981476,0.747582351069686,0.762132647370029
y2085,SSA,0.769038745565291,0.674825975429006,0.531901803619773,0.76654983900976,0.770224274008771
y2085,EUR,0.891373588282483,0.883372568260888,0.839479705458656,0.885937755115473,0.892638889015749
y2085,NEU,0.905254309419866,0.891676462849604,0.787192665558436,0.906073098020005,0.903981236457674
y2085,MEA,0.795275340694577,0.758821777360293,0.655916099697008,0.79630198941746,0.797866763610536
y2085,REF,0.830931371927575,0.8037357429659,0.702104354741808,0.825533480166392,0.833582093161495
y2085,CAZ,0.918055788256405,0.918067256942529,0.918093207832161,0.918058991780691,0.918040680280523
y2085,CHA,0.938771235366188,0.884710421012067,0.762609955215639,0.938813345068885,0.93882453670473
y2085,IND,0.730498419287093,0.668784981995856,0.49243980197194,0.730498419287093,0.730498419287093
y2085,JPN,0.99,0.99,0.94182244953676,0.99,0.99
y2085,USA,0.925523291527605,0.925523291527605,0.925523291527605,0.925523291527605,0.925523291527605
y2090,LAM,0.903652606371837,0.901025979874324,0.881796569708417,0.902438955092688,0.904510929711734
y2090,OAS,0.770142093608933,0.697005057062863,0.558524696781464,0.758627279209508,0.773901999949303
y2090,SSA,0.78172855422619,0.68867243636523,0.538874155494831,0.779267595744967,0.782951188441324
y2090,EUR,0.89521196601825,0.888399503045568,0.843185217902467,0.891014108526066,0.896465727219468
y2090,NEU,0.911058700796112,0.899489217434274,0.788779099721232,0.912066378894071,0.909581617104291
y2090,MEA,0.801357696305467,0.765278210154368,0.658866428237003,0.803307425711254,0.803989638835046
y2090,REF,0.838142110663542,0.811915434199608,0.707196110710698,0.833363860084619,0.840552913188151
y2090,CAZ,0.921526722498241,0.92153337294828,0.921546797447274,0.921525533452822,0.921522279947131
y2090,CHA,0.948245777832125,0.894183093665641,0.766132926596047,0.948296662894674,0.948297141750745
y2090,IND,0.745731131921883,0.687349065890909,0.503359291702359,0.745731131921883,0.745731131921883
y2090,JPN,0.99,0.99,0.942104363908094,0.99,0.99
y2090,USA,0.929753878885396,0.929753878885395,0.929753878885396,0.929753878885396,0.929753878885396
y2095,LAM,0.905801985867847,0.904038715296178,0.885469945564021,0.904642818734847,0.906656471277655
y2095,OAS,0.779116827590122,0.707032469740279,0.565635163117761,0.767081038485039,0.782957533959729
y2095,SSA,0.791656354584295,0.70080955247995,0.545620303195999,0.789190195007061,0.792896823613772
y2095,EUR,0.898198617926545,0.892677119477598,0.846479733818175,0.895309081321146,0.899457267020201
y2095,NEU,0.915779609805692,0.90640443579319,0.790106717608432,0.91693903340685,0.914123592692149
y2095,MEA,0.806147560678207,0.770905529996306,0.662009445917786,0.809030177140195,0.808802310161028
y2095,REF,0.84388637976405,0.819020279737406,0.712404709171278,0.839663200436215,0.846085766265388
y2095,CAZ,0.924421791521684,0.924423432653164,0.924425664949687,0.924415659487332,0.924426467304527
y2095,CHA,0.955684855728799,0.902108993005217,0.768839421960887,0.955741928359567,0.955732856823104
y2095,IND,0.757607274880696,0.703819028299274,0.514384765160694,0.757607274880696,0.757607274880696
y2095,JPN,0.99,0.99,0.942275820460811,0.99,0.99
y2095,USA,0.933253905820618,0.933253905820618,0.933253905820618,0.933253905820618,0.933253905820618
y2100,LAM,0.907935612540726,0.907084450761177,0.889212041962298,0.906878300068961,0.908777418880207
y2100,OAS,0.787701691764055,0.717126767598933,0.572898898822081,0.77535091076011,0.791524494551907
y2100,SSA,0.801566160662707,0.712914926548905,0.552381557787545,0.799159952964781,0.802818731493721
y2100,EUR,0.90110681861435,0.896881846958751,0.849782041407169,0.899529096963997,0.902371994351087
y2100,NEU,0.920497926994915,0.913291945487523,0.791205460852415,0.92179491502485,0.91868433671738
y2100,MEA,0.811031900334272,0.776678258804643,0.665322161924982,0.814890705505184,0.813665649080532
y2100,REF,0.849643872870786,0.826155390085975,0.717764238214128,0.846145176901771,0.851592309852395
y2100,CAZ,0.927313637331646,0.927310752023609,0.927300561582257,0.927303036875233,0.927327683269763
y2100,CHA,0.963121706480439,0.910033480703437,0.771546233792221,0.963180163997492,0.963162725706638
y2100,IND,0.769483417839509,0.720288990707639,0.525410238619029,0.769483417839509,0.769483417839509
y2100,JPN,0.99,0.99,0.942447277013527,0.99,0.99
y2100,USA,0.936753932755841,0.93675393275584,0.936753932755841,0.936753932755841,0.936753932755841
y2105,LAM,0.909672217905038,0.909576768231605,0.891998999663983,0.908711119335427,0.9105036252881
y2105,OAS,0.794661701102506,0.725334290783827,0.578845013764656,0.782155209432856,0.798470034151888
y2105,SSA,0.809640273421225,0.722768847566073,0.557913646947121,0.807313877968193,0.810902255892821
y2105,EUR,0.903473492832188,0.900299017374654,0.852206158672382,0.902966269506949,0.90474372031197
y2105,NEU,0.924344727634381,0.918897059419235,0.792041155701448,0.925736688826247,0.922394780695524
y2105,MEA,0.815004552214529,0.781396981581775,0.66805212913988,0.819703142453265,0.817621185325717
y2105,REF,0.854339373558403,0.831995193597397,0.722188447684887,0.851599665733897,0.856079669946151
y2105,CAZ,0.929670171244964,0.929664690232257,0.929643587708222,0.929656985491893,0.929692060401373
y2105,CHA,0.969189388552143,0.916497732871849,0.773755338275359,0.969244861590323,0.969223541283202
y2105,IND,0.779174265158888,0.733728361689354,0.53440694573843,0.779174265158887,0.779174265158888
y2105,JPN,0.99,0.99,0.942587184328557,0.99,0.99
y2105,USA,0.939609929585837,0.939609929585837,0.939609929585837,0.939609929585837,0.939609929585837
y2110,LAM,0.911015033885248,0.911512846715797,0.893251937262967,0.910136785417487,0.911838346349241
y2110,OAS,0.800025118695726,0.731676189550225,0.583464186886065,0.787461801469489,0.803822305069901
y2110,SSA,0.815885658418071,0.730388654877231,0.562209398865931,0.813640895118859,0.817154387523858
y2110,EUR,0.905303366855365,0.902938530655274,0.853700812197192,0.905625772830008,0.90657738220826
y2110,NEU,0.927323743355567,0.923231187802137,0.79268519529851,0.928777126960693,0.925262959101601
y2110,MEA,0.818074887723723,0.785059073889618,0.670183451871965,0.823450848687015,0.820678267715586
y2110,REF,0.857976651606558,0.836532160477616,0.725647573925831,0.855931785254881,0.859553450787484
y2110,CAZ,0.93149433569202,0.931487656726652,0.931457700280344,0.931479850102476,0.931522469465946
y2110,CHA,0.973891254323819,0.921505997723655,0.775467608756358,0.973941227806039,0.973919254286019
y2110,IND,0.786684567042735,0.744143728878131,0.541379296473144,0.786684567042735,0.786684567042735
y2110,JPN,0.99,0.99,0.942695610984866,0.99,0.99
y2110,USA,0.941823296246737,0.941823296246737,0.941823296246737,0.941823296246737,0.941823296246737
y2115,LAM,0.91192548863143,0.912830272746963,0.894102217833181,0.911107729747974,0.912743283509952
y2115,OAS,0.803651928224544,0.735974269558528,0.5866070148478,0.791082390002881,0.807441567317673
y2115,SSA,0.82012350671189,0.73556333597384,0.56513118376248,0.817943211557879,0.821396651979609
y2115,EUR,0.906544032743363,0.904726962999145,0.85471064627183,0.907429943184476,0.90782057702649
y2115,NEU,0.929346044565189,0.926170049993594,0.793120884943394,0.930834415250364,0.92720725667894
y2115,MEA,0.82015601661451,0.787549098314526,0.671611896338848,0.82600525110575,0.822750399476606
y2115,REF,0.860446366652154,0.839619546836233,0.728011924046699,0.858927718183526,0.861910976572155
y2115,CAZ,0.932732264241292,0.932725233593139,0.932689095707664,0.932717266140088,0.932764741787358
y2115,CHA,0.977084668651904,0.924907014454809,0.776630778737866,0.977128999460394,0.977108026422625
y2115,IND,0.791785880169624,0.751218284626117,0.546115210538698,0.791785880169624,0.791785880169624
y2115,JPN,0.99,0.99,0.942769258933202,0.99,0.99
y2115,USA,0.943326708037167,0.943326708037167,0.943326708037167,0.943326708037167,0.943326708037167
y2120,LAM,0.913061730892502,0.914480098779386,0.89516438198484,0.912324492617728,0.913872604443404
y2120,OAS,0.808166571264216,0.741336590785271,0.590542034885481,0.795626769923356,0.811946790974439
y2120,SSA,0.825405740144787,0.742031605330597,0.568788233572348,0.823319425832616,0.826684663040161
y2120,EUR,0.908092402840623,0.906957743239202,0.855967133770264,0.909682771924696,0.909372080673981
y2120,NEU,0.931872924639953,0.929838268799987,0.793663601548199,0.933396635532933,0.929633369807281
y2120,MEA,0.822752694654487,0.790665086308881,0.673398194493971,0.829208580733947,0.82533583415909
y2120,REF,0.863532972899182,0.843485995236969,0.730984287439506,0.862735082019342,0.864855986834348
y2120,CAZ,0.934278584592256,0.934271699718407,0.934227671801723,0.934263387957141,0.934316630073129
y2120,CHA,0.981076718116818,0.929157966438997,0.778085122922962,0.981111430891663,0.981093690463039
y2120,IND,0.79816355496344,0.760062912420781,0.552036062486082,0.79816355496344,0.79816355496344
y2120,JPN,0.99,0.99,0.942861333787663,0.99,0.99
y2120,USA,0.945206277324928,0.945206277324928,0.945206277324928,0.945206277324928,0.945206277324928
y2125,LAM,0.913950474257509,0.915775195538298,0.895996083261567,0.913280215653437,0.914755904887697
y2125,OAS,0.811688413154631,0.745529931679176,0.593630119915822,0.799201567213162,0.815461255318941
y2125,SSA,0.829533981156933,0.7470995634187,0.57165718806473,0.827531138822245,0.830817498311742
y2125,EUR,0.909303565660684,0.908701851943894,0.856947192566492,0.911445936611837,0.910585693989395
y2125,NEU,0.93385195488149,0.932708085058644,0.794087377199383,0.935396278185462,0.931530803450561
y2125,MEA,0.824783436689783,0.793109219129252,0.674804137035601,0.831726332541602,0.82735776863117
y2125,REF,0.865950939753993,0.846521113897197,0.733326101416186,0.865767485701062,0.867161923092632
y2125,CAZ,0.935489260693166,0.935482987824079,0.935432670000656,0.935474266734516,0.93553179176173
y2125,CHA,0.9842047541535,0.932488349808755,0.779224928309294,0.984229611869679,0.984216228812758
y2125,IND,0.803161382332297,0.766993953009804,0.556675903316205,0.803161382332297,0.803161382332297
y2125,JPN,0.99,0.99,0.942933487706213,0.99,0.99
y2125,USA,0.946679190750546,0.946679190750546,0.946679190750546,0.946679190750546,0.946679190750546
y2130,LAM,0.915008406851353,0.917322461913181,0.896987291872761,0.914422598094719,0.915807322588121
y2130,OAS,0.815869371752038,0.750362256707483,0.597318172875334,0.803480463826615,0.819633407170737
y2130,SSA,0.834453756471855,0.753143036301242,0.575082351000132,0.83255905764932,0.83574258756473
y2130,EUR,0.910745426705603,0.910777321641279,0.858110927800192,0.913546088725388,0.912030494625696
y2130,NEU,0.936210920081388,0.936125210019967,0.794591081072387,0.937770937492319,0.933789286073
y2130,MEA,0.827200556031575,0.796026952878735,0.676487778144436,0.834737637574805,0.829764386342937
y2130,REF,0.868833804449358,0.850147110516221,0.736133265555195,0.869441163162832,0.86990990223307
y2130,CAZ,0.936931897020562,0.936926981673991,0.936869061503963,0.936917575432467,0.936979939216644
y2130,CHA,0.987935104931793,0.936459360020214,0.780584489508496,0.987945058327471,0.987939397818521
y2130,IND,0.809122186335023,0.775260459921097,0.562209744273687,0.809122186335023,0.809122186335023
y2130,JPN,0.99,0.99,0.943019544173306,0.99,0.99
y2130,USA,0.948435903737033,0.948435903737033,0.948435903737033,0.948435903737033,0.948435903737033
y2135,LAM,0.915793526857695,0.918474893989336,0.89743215259919,0.915273807716405,0.916587580935322
y2135,OAS,0.818963835476793,0.753909198368399,0.600063970587676,0.806672777267375,0.822721308143405
y2135,SSA,0.838109234176932,0.75763619421549,0.577631560291123,0.836300917338234,0.839401896859743
y2135,EUR,0.911815604696939,0.912317260323507,0.85897268691785,0.915105698020564,0.913102886380992
y2135,NEU,0.937963990478856,0.938662038448808,0.79496442575206,0.939528882409418,0.935465314423172
y2135,MEA,0.828994326659057,0.798198427375588,0.677744367834294,0.836982648645204,0.831550349701435
y2135,REF,0.870976734806382,0.852847694435365,0.738230427901175,0.872213647403539,0.87195161280647
y2135,CAZ,0.9380036540733,0.938000227926524,0.937936597621837,0.937990148747515,0.93805592216822
y2135,CHA,0.99,0.93941132539876,0.781595539756079,0.99,0.99
y2135,IND,0.813554549661704,0.781407308912712,0.566324624364429,0.813554549661704,0.813554549661704
y2135,JPN,0.99,0.99,0.943083534455253,0.99,0.99
y2135,USA,0.949742168833696,0.949742168833696,0.949742168833696,0.949742168833696,0.949742168833696
y2140,LAM,0.916679511964008,0.919779878485606,0.897918606649911,0.916237985433386,0.917468050586607
y2140,OAS,0.822446910067066,0.757917479620349,0.603171868835387,0.810292758830512,0.826196937897519
y2140,SSA,0.842231060982734,0.762715584481074,0.58051603288793,0.840525937987753,0.843527607695058
y2140,EUR,0.913023457647433,0.914054870438297,0.859943401226488,0.916866831531781,0.914313289235745
y2140,NEU,0.939944957447947,0.941525912760561,0.795385318134877,0.941507778413498,0.937356686048437
y2140,MEA,0.83101863648574,0.800655504628326,0.679169749842945,0.839526824880107,0.833565833497034
y2140,REF,0.873351905528066,0.855905575252592,0.740611427756219,0.875312066187459,0.874214981902355
y2140,CAZ,0.939214373204857,0.93921316429913,0.939143033147656,0.939202129386767,0.939271566466657
y2140,CHA,0.99,0.942747976614346,0.782738765236561,0.99,0.99
y2140,IND,0.81856588868889,0.788357087614396,0.570977009033978,0.81856588868889,0.81856588868889
y2140,JPN,0.99,0.99,0.943155883442384,0.99,0.99
y2140,USA,0.951219064290201,0.951219064290202,0.951219064290201,0.951219064290202,0.951219064290202
y2145,LAM,0.917588512110234,0.921123989829131,0.89841875847046,0.917231326143247,0.918371357745389
y2145,OAS,0.826010161896388,0.762036674137243,0.606371207652481,0.814026518033557,0.829752495041242
y2145,SSA,0.846394480108468,0.76793269848711,0.583479553775015,0.844797408783272,0.847692149966207
y2145,EUR,0.914262955190516,0.91583762769653,0.860937582140207,0.918675115335495,0.915555481954873
y2145,NEU,0.941980569318775,0.944465703366419,0.795816755021381,0.943532167108463,0.939297305935568
y2145,MEA,0.833095789056246,0.803184110060467,0.680640373852773,0.842149253468327,0.835633911439433
y2145,REF,0.874954663425669,0.859054857520279,0.743070412302315,0.877117035850157,0.875766603397837
y2145,CAZ,0.940458070880148,0.940459777567063,0.94038292677428,0.940447514073267,0.940520509392401
y2145,CHA,0.99,0.946177710443147,0.783914381467424,0.99,0.99
y2145,IND,0.823718677318426,0.795503030141447,0.575760711492628,0.823718677318426,0.823718677318426
y2145,JPN,0.99,0.99,0.943230274545486,0.99,0.99
y2145,USA,0.952737646464349,0.95273764646435,0.952737646464349,0.95273764646435,0.95273764646435
y2150,LAM,0.918494062020416,0.922468574777687,0.898918165694494,0.918225202543657,0.919271199397986
y2150,OAS,0.829549007351949,0.766147718279256,0.60956967122514,0.817766481049871,0.833283601874409
y2150,SSA,0.850533012780622,0.77313741074236,0.586417844998762,0.849049078897177,0.851832286867187
y2150,EUR,0.915498092577793,0.917613855429671,0.861926436020629,0.920478093491228,0.916793409904866
y2150,NEU,0.944011937464964,0.947396188528672,0.796246242205259,0.94554229701086,0.941230789861882
y2150,MEA,0.835165505587409,0.805711329825147,0.682113832322342,0.844774360916759,0.837694566046508
y2150,REF,0.876553687834756,0.862204885673352,0.745536622764006,0.878927863876227,0.877314085875271
y2150,CAZ,0.941698734516941,0.941704047010075,0.941620465362727,0.941690273770505,0.941766614851298
y2150,CHA,0.99,0.949601350121248,0.785088452110893,0.99,0.99
y2150,IND,0.828864132633573,0.802638802749465,0.580537605910703,0.828864132633573,0.828864132633573
y2150,JPN,0.99,0.99,0.943304559777109,0.99,0.99
y2150,USA,0.954254067431953,0.954254067431953,0.954254067431953,0.954254067431953,0.954254067431953
