title;start;CES_parameters;slurmConfig;regionmapping;extramappings_historic;cm_rcp_scen;subsidizeLearning;cm_prtpScen;capitalMarket;cm_iterative_target_adj;cm_budgetCO2from2020;cm_budgetCO2_absDevTol;carbonprice;cm_taxCO2_functionalForm;cm_taxCO2_startyear;cm_peakBudgYr;cm_taxCO2_regiDiff;cm_taxCO2_regiDiff_convergence;cm_emiscen;c_regi_earlyreti_rate;c_tech_earlyreti_rate;cm_fetaxscen;cm_bioenergy_EF_for_tax;cm_1stgen_tax;cm_regi_bioenergy_phaseout;cm_regi_bioenergy_EFTax;cm_bioenergy_SustTax;cm_33EW;cm_33OAE;cm_33_OAE_limit_EEZ;cm_frac_NetNegEmi;c_ccsinjecratescen;c_ccscapratescen;cm_CESMkup_build;cm_wasteIncinerationCCSshare;techpol;regipol;cm_bioprod_regi_lim;cm_implicitQttyTarget;cm_emiMktTarget;cm_NucRegiPol;cm_CoalRegiPol;cm_altFeEmiFac;cm_GDPpopScen;cm_demScen;cm_oil_scen;cm_gas_scen;cm_coal_scen;c_techAssumptScen;cm_nucscen;cm_so2tax_scen;cm_multigasscen;cm_LU_emi_scen;cm_tradecostBio;cm_maxProdBiolc;cm_1stgen_phaseout;c_SSP_forcing_adjust;cm_APssp;cm_CESMkup_ind;cm_EDGEtr_scen;c_changeProdCost;cm_startyear;path_gdx;path_gdx_ref;path_gdx_bau;path_gdx_refpolicycost;description
# main scenarios;;;;;;;;;;;;;;;;;;;;;;;;;;;;;;;;;;;;;;;;;;;;;;;;;;;;;;;;;;;;;;;;;;;
SSP2-NPi2025;1,main;;;;;;;;;0;;;;;;;;;;;;;;;;;;;;;;;;;;;;;;;;;;;;;;;;;;;;;;;;;;;;2005;;;;;SSP2-NPi2025: This National Policies Implemented (NPi) scenario follows the Shared Socioeconomic Pathways 2 called Middle of the Road. The NPi assumes that policies fail to achieve NDC targets in 2030. Instead, carbon prices are assumed to grow and converge more slowly, leading to emissions trajectories in line with bottom-up studies on the effect of currently implemented policies.
SSP2-NPi;1,main;;;;;;;;;0;;;NPi;;;;;;;;;;;;;;;;;;;;;;;NPi2018;;;;;;;;;;;;;;;;;;;;;;;;Mix1;;2005;;;;;SSP2-NPi: This National Policies Implemented (NPi) scenario follows the Shared Socioeconomic Pathways 2 called Middle of the Road. The NPi assumes that policies fail to achieve NDC targets in 2030. Instead, carbon prices are assumed to grow and converge more slowly, leading to emissions trajectories in line with bottom-up studies on the effect of currently implemented policies.
SSP2-PkBudg650;1,main;;;;;rcp20;globallyOptimal;;;9;650;;functionalForm;;100;2055;;;;;;;;;;;;;;;;;;;2050.GLO 0.9;NDC;;;2030.EUR_regi.tax.t.FE_wo_b_wo_n_e.all 1.2809;2035.2050.EUR_regi.all.year.netGHG_LULUCFGrassi 0.001;;;;;;;;;;;;2;;;;;;;Elec_Push;Mix4ICEban;1;2030;;SSP2-NPi2025;;SSP2-NPi2025;SSP2-PkBudg650: This climate policy scenario follows the Shared Socioeconomic Pathways 2 called Middle of the Road. The stylized climate policy scenario assumes a peak budget of 650 Gt CO2 on total CO2 emissions from 2015 to 2100. This is a 1.5C scenario, peak warming is allowed to be at or slightly above 1.5C at median climate sensitivity but returns to values below 1.5C in at least 67 % of scenarios by the end of the century.
# biomass variations round 2;;;;;;;;;;;;;;;;;;;;;;;;;;;;;;;;;;;;;;;;;;;;;;;;;;;;;;;;;;;;;;;;;;;
SSP2-PkBudg650-bio12;1,varbio;;;;;rcp20;globallyOptimal;;;9;650;;functionalForm;;100;2055;;;;;;;;;;;;;;;;;;;2050.GLO 0.9;NDC;;;2030.EUR_regi.tax.t.FE_wo_b_wo_n_e.all 1.2809,(2035,2040,2045,2050,2060,2070,2080,2090,2100).EUR_regi.tax.t.PE.biomass 0.38052;2035.2050.EUR_regi.all.year.netGHG_LULUCFGrassi 0.001;;;;;;;;;;;;2;;;;;;;Elec_Push;Mix4ICEban;1;2030;;SSP2-NPi2025;;SSP2-NPi2025;SSP2-PkBudg650: This climate policy scenario follows the Shared Socioeconomic Pathways 2 called Middle of the Road. The stylized climate policy scenario assumes a peak budget of 650 Gt CO2 on total CO2 emissions from 2015 to 2100. This is a 1.5C scenario, peak warming is allowed to be at or slightly above 1.5C at median climate sensitivity but returns to values below 1.5C in at least 67 % of scenarios by the end of the century.
SSP2-PkBudg650-bio11;1,varbio;;;;;rcp20;globallyOptimal;;;9;650;;functionalForm;;100;2055;;;;;;;;;;;;;;;;;;;2050.GLO 0.9;NDC;;;2030.EUR_regi.tax.t.FE_wo_b_wo_n_e.all 1.2809,(2050,2060,2070,2080,2090,2100).EUR_regi.tax.t.PE.biomass 0.34881,2035.EUR_regi.tax.t.PE.biomass 0.35673;2035.2050.EUR_regi.all.year.netGHG_LULUCFGrassi 0.001;;;;;;;;;;;;2;;;;;;;Elec_Push;Mix4ICEban;1;2030;;SSP2-NPi2025;;SSP2-NPi2025;SSP2-PkBudg650: This climate policy scenario follows the Shared Socioeconomic Pathways 2 called Middle of the Road. The stylized climate policy scenario assumes a peak budget of 650 Gt CO2 on total CO2 emissions from 2015 to 2100. This is a 1.5C scenario, peak warming is allowed to be at or slightly above 1.5C at median climate sensitivity but returns to values below 1.5C in at least 67 % of scenarios by the end of the century.
SSP2-PkBudg650-bio10;1,varbio;;;;;rcp20;globallyOptimal;;;9;650;;functionalForm;;100;2055;;;;;;;;;;;;;;;;;;;2050.GLO 0.9;NDC;;;2030.EUR_regi.tax.t.FE_wo_b_wo_n_e.all 1.2809,(2050,2060,2070,2080,2090,2100).EUR_regi.tax.t.PE.biomass 0.3171,2035.EUR_regi.tax.t.PE.biomass 0.34087;2035.2050.EUR_regi.all.year.netGHG_LULUCFGrassi 0.001;;;;;;;;;;;;2;;;;;;;Elec_Push;Mix4ICEban;1;2030;;SSP2-NPi2025;;SSP2-NPi2025;SSP2-PkBudg650: This climate policy scenario follows the Shared Socioeconomic Pathways 2 called Middle of the Road. The stylized climate policy scenario assumes a peak budget of 650 Gt CO2 on total CO2 emissions from 2015 to 2100. This is a 1.5C scenario, peak warming is allowed to be at or slightly above 1.5C at median climate sensitivity but returns to values below 1.5C in at least 67 % of scenarios by the end of the century.
SSP2-PkBudg650-bio9;1,varbio;;;;;rcp20;globallyOptimal;;;9;650;;functionalForm;;100;2055;;;;;;;;;;;;;;;;;;;2050.GLO 0.9;NDC;;;2030.EUR_regi.tax.t.FE_wo_b_wo_n_e.all 1.2809,(2050,2060,2070,2080,2090,2100).EUR_regi.tax.t.PE.biomass 0.28539,2035.EUR_regi.tax.t.PE.biomass 0.32502;2035.2050.EUR_regi.all.year.netGHG_LULUCFGrassi 0.001;;;;;;;;;;;;2;;;;;;;Elec_Push;Mix4ICEban;1;2030;;SSP2-NPi2025;;SSP2-NPi2025;SSP2-PkBudg650: This climate policy scenario follows the Shared Socioeconomic Pathways 2 called Middle of the Road. The stylized climate policy scenario assumes a peak budget of 650 Gt CO2 on total CO2 emissions from 2015 to 2100. This is a 1.5C scenario, peak warming is allowed to be at or slightly above 1.5C at median climate sensitivity but returns to values below 1.5C in at least 67 % of scenarios by the end of the century.
SSP2-PkBudg650-bio8;1,varbio;;;;;rcp20;globallyOptimal;;;9;650;;functionalForm;;100;2055;;;;;;;;;;;;;;;;;;;2050.GLO 0.9;NDC;;;2030.EUR_regi.tax.t.FE_wo_b_wo_n_e.all 1.2809,(2050,2060,2070,2080,2090,2100).EUR_regi.tax.t.PE.biomass 0.25368,2035.EUR_regi.tax.t.PE.biomass 0.30916;2035.2050.EUR_regi.all.year.netGHG_LULUCFGrassi 0.001;;;;;;;;;;;;2;;;;;;;Elec_Push;Mix4ICEban;1;2030;;SSP2-NPi2025;;SSP2-NPi2025;SSP2-PkBudg650: This climate policy scenario follows the Shared Socioeconomic Pathways 2 called Middle of the Road. The stylized climate policy scenario assumes a peak budget of 650 Gt CO2 on total CO2 emissions from 2015 to 2100. This is a 1.5C scenario, peak warming is allowed to be at or slightly above 1.5C at median climate sensitivity but returns to values below 1.5C in at least 67 % of scenarios by the end of the century.
SSP2-PkBudg650-bio7p5;1,varbio;;;;;rcp20;globallyOptimal;;;9;650;;functionalForm;;100;2055;;;;;;;;;;;;;;;;;;;2050.GLO 0.9;NDC;;;2030.EUR_regi.tax.t.FE_wo_b_wo_n_e.all 1.2809,(2050,2060,2070,2080,2090,2100).EUR_regi.tax.t.PE.biomass 0.23782,2035.EUR_regi.tax.t.PE.biomass 0.30123;2035.2050.EUR_regi.all.year.netGHG_LULUCFGrassi 0.001;;;;;;;;;;;;2;;;;;;;Elec_Push;Mix4ICEban;1;2030;;SSP2-NPi2025;;SSP2-NPi2025;SSP2-PkBudg650: This climate policy scenario follows the Shared Socioeconomic Pathways 2 called Middle of the Road. The stylized climate policy scenario assumes a peak budget of 650 Gt CO2 on total CO2 emissions from 2015 to 2100. This is a 1.5C scenario, peak warming is allowed to be at or slightly above 1.5C at median climate sensitivity but returns to values below 1.5C in at least 67 % of scenarios by the end of the century.
SSP2-PkBudg650-bio7;1,varbio;;;;;rcp20;globallyOptimal;;;9;650;;functionalForm;;100;2055;;;;;;;;;;;;;;;;;;;2050.GLO 0.9;NDC;;;2030.EUR_regi.tax.t.FE_wo_b_wo_n_e.all 1.2809,(2050,2060,2070,2080,2090,2100).EUR_regi.tax.t.PE.biomass 0.22197,2035.EUR_regi.tax.t.PE.biomass 0.29331;2035.2050.EUR_regi.all.year.netGHG_LULUCFGrassi 0.001;;;;;;;;;;;;2;;;;;;;Elec_Push;Mix4ICEban;1;2030;;SSP2-NPi2025;;SSP2-NPi2025;SSP2-PkBudg650: This climate policy scenario follows the Shared Socioeconomic Pathways 2 called Middle of the Road. The stylized climate policy scenario assumes a peak budget of 650 Gt CO2 on total CO2 emissions from 2015 to 2100. This is a 1.5C scenario, peak warming is allowed to be at or slightly above 1.5C at median climate sensitivity but returns to values below 1.5C in at least 67 % of scenarios by the end of the century.
SSP2-PkBudg650-bio6p5;1,varbio;;;;;rcp20;globallyOptimal;;;9;650;;functionalForm;;100;2055;;;;;;;;;;;;;;;;;;;2050.GLO 0.9;NDC;;;2030.EUR_regi.tax.t.FE_wo_b_wo_n_e.all 1.2809,(2050,2060,2070,2080,2090,2100).EUR_regi.tax.t.PE.biomass 0.20611,2035.EUR_regi.tax.t.PE.biomass 0.28538;2035.2050.EUR_regi.all.year.netGHG_LULUCFGrassi 0.001;;;;;;;;;;;;2;;;;;;;Elec_Push;Mix4ICEban;1;2030;;SSP2-NPi2025;;SSP2-NPi2025;SSP2-PkBudg650: This climate policy scenario follows the Shared Socioeconomic Pathways 2 called Middle of the Road. The stylized climate policy scenario assumes a peak budget of 650 Gt CO2 on total CO2 emissions from 2015 to 2100. This is a 1.5C scenario, peak warming is allowed to be at or slightly above 1.5C at median climate sensitivity but returns to values below 1.5C in at least 67 % of scenarios by the end of the century.
SSP2-PkBudg650-bio6;1,varbio;;;;;rcp20;globallyOptimal;;;9;650;;functionalForm;;100;2055;;;;;;;;;;;;;;;;;;;2050.GLO 0.9;NDC;;;2030.EUR_regi.tax.t.FE_wo_b_wo_n_e.all 1.2809,(2050,2060,2070,2080,2090,2100).EUR_regi.tax.t.PE.biomass 0.19026,2035.EUR_regi.tax.t.PE.biomass 0.27745;2035.2050.EUR_regi.all.year.netGHG_LULUCFGrassi 0.001;;;;;;;;;;;;2;;;;;;;Elec_Push;Mix4ICEban;1;2030;;SSP2-NPi2025;;SSP2-NPi2025;SSP2-PkBudg650: This climate policy scenario follows the Shared Socioeconomic Pathways 2 called Middle of the Road. The stylized climate policy scenario assumes a peak budget of 650 Gt CO2 on total CO2 emissions from 2015 to 2100. This is a 1.5C scenario, peak warming is allowed to be at or slightly above 1.5C at median climate sensitivity but returns to values below 1.5C in at least 67 % of scenarios by the end of the century.
SSP2-PkBudg650-bio5p5;1,varbio;;;;;rcp20;globallyOptimal;;;9;650;;functionalForm;;100;2055;;;;;;;;;;;;;;;;;;;2050.GLO 0.9;NDC;;;2030.EUR_regi.tax.t.FE_wo_b_wo_n_e.all 1.2809,(2050,2060,2070,2080,2090,2100).EUR_regi.tax.t.PE.biomass 0.1744,2035.EUR_regi.tax.t.PE.biomass 0.26953;2035.2050.EUR_regi.all.year.netGHG_LULUCFGrassi 0.001;;;;;;;;;;;;2;;;;;;;Elec_Push;Mix4ICEban;1;2030;;SSP2-NPi2025;;SSP2-NPi2025;SSP2-PkBudg650: This climate policy scenario follows the Shared Socioeconomic Pathways 2 called Middle of the Road. The stylized climate policy scenario assumes a peak budget of 650 Gt CO2 on total CO2 emissions from 2015 to 2100. This is a 1.5C scenario, peak warming is allowed to be at or slightly above 1.5C at median climate sensitivity but returns to values below 1.5C in at least 67 % of scenarios by the end of the century.
SSP2-PkBudg650-bio5;1,varbio;;;;;rcp20;globallyOptimal;;;9;650;;functionalForm;;100;2055;;;;;;;;;;;;;;;;;;;2050.GLO 0.9;NDC;;;2030.EUR_regi.tax.t.FE_wo_b_wo_n_e.all 1.2809,(2050,2060,2070,2080,2090,2100).EUR_regi.tax.t.PE.biomass 0.15855,2035.EUR_regi.tax.t.PE.biomass 0.2616;2035.2050.EUR_regi.all.year.netGHG_LULUCFGrassi 0.001;;;;;;;;;;;;2;;;;;;;Elec_Push;Mix4ICEban;1;2030;;SSP2-NPi2025;;SSP2-NPi2025;SSP2-PkBudg650: This climate policy scenario follows the Shared Socioeconomic Pathways 2 called Middle of the Road. The stylized climate policy scenario assumes a peak budget of 650 Gt CO2 on total CO2 emissions from 2015 to 2100. This is a 1.5C scenario, peak warming is allowed to be at or slightly above 1.5C at median climate sensitivity but returns to values below 1.5C in at least 67 % of scenarios by the end of the century.
# biomass variations round 3;;;;;;;;;;;;;;;;;;;;;;;;;;;;;;;;;;;;;;;;;;;;;;;;;;;;;;;;;;;;;;;;;;;
SSP2-PkBudg650-round3-bio12;1,varbio3;;;;;rcp20;globallyOptimal;;;9;650;;functionalForm;;100;2055;;;;;;;;;;;;;;;;;;;2050.GLO 0.9;NDC;;EUR_regi 12;2030.EUR_regi.tax.t.FE_wo_b_wo_n_e.all 1.2809;2035.2050.EUR_regi.all.year.netGHG_LULUCFGrassi 0.001;;;;;;;;;;;;2;;;;;;;Elec_Push;Mix4ICEban;1;2030;;SSP2-NPi2025;;SSP2-NPi2025;SSP2-PkBudg650: This climate policy scenario follows the Shared Socioeconomic Pathways 2 called Middle of the Road. The stylized climate policy scenario assumes a peak budget of 650 Gt CO2 on total CO2 emissions from 2015 to 2100. This is a 1.5C scenario, peak warming is allowed to be at or slightly above 1.5C at median climate sensitivity but returns to values below 1.5C in at least 67 % of scenarios by the end of the century.
SSP2-PkBudg650-round3-bio11;1,varbio3;;;;;rcp20;globallyOptimal;;;9;650;;functionalForm;;100;2055;;;;;;;;;;;;;;;;;;;2050.GLO 0.9;NDC;;EUR_regi 11;2030.EUR_regi.tax.t.FE_wo_b_wo_n_e.all 1.2809;2035.2050.EUR_regi.all.year.netGHG_LULUCFGrassi 0.001;;;;;;;;;;;;2;;;;;;;Elec_Push;Mix4ICEban;1;2030;;SSP2-NPi2025;;SSP2-NPi2025;SSP2-PkBudg650: This climate policy scenario follows the Shared Socioeconomic Pathways 2 called Middle of the Road. The stylized climate policy scenario assumes a peak budget of 650 Gt CO2 on total CO2 emissions from 2015 to 2100. This is a 1.5C scenario, peak warming is allowed to be at or slightly above 1.5C at median climate sensitivity but returns to values below 1.5C in at least 67 % of scenarios by the end of the century.
SSP2-PkBudg650-round3-bio10;1,varbio3;;;;;rcp20;globallyOptimal;;;9;650;;functionalForm;;100;2055;;;;;;;;;;;;;;;;;;;2050.GLO 0.9;NDC;;EUR_regi 10;2030.EUR_regi.tax.t.FE_wo_b_wo_n_e.all 1.2809;2035.2050.EUR_regi.all.year.netGHG_LULUCFGrassi 0.001;;;;;;;;;;;;2;;;;;;;Elec_Push;Mix4ICEban;1;2030;;SSP2-NPi2025;;SSP2-NPi2025;SSP2-PkBudg650: This climate policy scenario follows the Shared Socioeconomic Pathways 2 called Middle of the Road. The stylized climate policy scenario assumes a peak budget of 650 Gt CO2 on total CO2 emissions from 2015 to 2100. This is a 1.5C scenario, peak warming is allowed to be at or slightly above 1.5C at median climate sensitivity but returns to values below 1.5C in at least 67 % of scenarios by the end of the century.
SSP2-PkBudg650-round3-bio9;1,varbio3;;;;;rcp20;globallyOptimal;;;9;650;;functionalForm;;100;2055;;;;;;;;;;;;;;;;;;;2050.GLO 0.9;NDC;;EUR_regi 9;2030.EUR_regi.tax.t.FE_wo_b_wo_n_e.all 1.2809;2035.2050.EUR_regi.all.year.netGHG_LULUCFGrassi 0.001;;;;;;;;;;;;2;;;;;;;Elec_Push;Mix4ICEban;1;2030;;SSP2-NPi2025;;SSP2-NPi2025;SSP2-PkBudg650: This climate policy scenario follows the Shared Socioeconomic Pathways 2 called Middle of the Road. The stylized climate policy scenario assumes a peak budget of 650 Gt CO2 on total CO2 emissions from 2015 to 2100. This is a 1.5C scenario, peak warming is allowed to be at or slightly above 1.5C at median climate sensitivity but returns to values below 1.5C in at least 67 % of scenarios by the end of the century.
SSP2-PkBudg650-round3-bio8;1,varbio3;;;;;rcp20;globallyOptimal;;;9;650;;functionalForm;;100;2055;;;;;;;;;;;;;;;;;;;2050.GLO 0.9;NDC;;EUR_regi 8;2030.EUR_regi.tax.t.FE_wo_b_wo_n_e.all 1.2809;2035.2050.EUR_regi.all.year.netGHG_LULUCFGrassi 0.001;;;;;;;;;;;;2;;;;;;;Elec_Push;Mix4ICEban;1;2030;;SSP2-NPi2025;;SSP2-NPi2025;SSP2-PkBudg650: This climate policy scenario follows the Shared Socioeconomic Pathways 2 called Middle of the Road. The stylized climate policy scenario assumes a peak budget of 650 Gt CO2 on total CO2 emissions from 2015 to 2100. This is a 1.5C scenario, peak warming is allowed to be at or slightly above 1.5C at median climate sensitivity but returns to values below 1.5C in at least 67 % of scenarios by the end of the century.
SSP2-PkBudg650-round3-bio7p5;1,varbio3;;;;;rcp20;globallyOptimal;;;9;650;;functionalForm;;100;2055;;;;;;;;;;;;;;;;;;;2050.GLO 0.9;NDC;;EUR_regi 7.5;2030.EUR_regi.tax.t.FE_wo_b_wo_n_e.all 1.2809;2035.2050.EUR_regi.all.year.netGHG_LULUCFGrassi 0.001;;;;;;;;;;;;2;;;;;;;Elec_Push;Mix4ICEban;1;2030;;SSP2-NPi2025;;SSP2-NPi2025;SSP2-PkBudg650: This climate policy scenario follows the Shared Socioeconomic Pathways 2 called Middle of the Road. The stylized climate policy scenario assumes a peak budget of 650 Gt CO2 on total CO2 emissions from 2015 to 2100. This is a 1.5C scenario, peak warming is allowed to be at or slightly above 1.5C at median climate sensitivity but returns to values below 1.5C in at least 67 % of scenarios by the end of the century.
SSP2-PkBudg650-round3-bio7;1,varbio3;;;;;rcp20;globallyOptimal;;;9;650;;functionalForm;;100;2055;;;;;;;;;;;;;;;;;;;2050.GLO 0.9;NDC;;EUR_regi 7;2030.EUR_regi.tax.t.FE_wo_b_wo_n_e.all 1.2809;2035.2050.EUR_regi.all.year.netGHG_LULUCFGrassi 0.001;;;;;;;;;;;;2;;;;;;;Elec_Push;Mix4ICEban;1;2030;;SSP2-NPi2025;;SSP2-NPi2025;SSP2-PkBudg650: This climate policy scenario follows the Shared Socioeconomic Pathways 2 called Middle of the Road. The stylized climate policy scenario assumes a peak budget of 650 Gt CO2 on total CO2 emissions from 2015 to 2100. This is a 1.5C scenario, peak warming is allowed to be at or slightly above 1.5C at median climate sensitivity but returns to values below 1.5C in at least 67 % of scenarios by the end of the century.
SSP2-PkBudg650-round3-bio6p5;1,varbio3;;;;;rcp20;globallyOptimal;;;9;650;;functionalForm;;100;2055;;;;;;;;;;;;;;;;;;;2050.GLO 0.9;NDC;;EUR_regi 6.5;2030.EUR_regi.tax.t.FE_wo_b_wo_n_e.all 1.2809;2035.2050.EUR_regi.all.year.netGHG_LULUCFGrassi 0.001;;;;;;;;;;;;2;;;;;;;Elec_Push;Mix4ICEban;1;2030;;SSP2-NPi2025;;SSP2-NPi2025;SSP2-PkBudg650: This climate policy scenario follows the Shared Socioeconomic Pathways 2 called Middle of the Road. The stylized climate policy scenario assumes a peak budget of 650 Gt CO2 on total CO2 emissions from 2015 to 2100. This is a 1.5C scenario, peak warming is allowed to be at or slightly above 1.5C at median climate sensitivity but returns to values below 1.5C in at least 67 % of scenarios by the end of the century.
SSP2-PkBudg650-round3-bio6;1,varbio3;;;;;rcp20;globallyOptimal;;;9;650;;functionalForm;;100;2055;;;;;;;;;;;;;;;;;;;2050.GLO 0.9;NDC;;EUR_regi 6;2030.EUR_regi.tax.t.FE_wo_b_wo_n_e.all 1.2809;2035.2050.EUR_regi.all.year.netGHG_LULUCFGrassi 0.001;;;;;;;;;;;;2;;;;;;;Elec_Push;Mix4ICEban;1;2030;;SSP2-NPi2025;;SSP2-NPi2025;SSP2-PkBudg650: This climate policy scenario follows the Shared Socioeconomic Pathways 2 called Middle of the Road. The stylized climate policy scenario assumes a peak budget of 650 Gt CO2 on total CO2 emissions from 2015 to 2100. This is a 1.5C scenario, peak warming is allowed to be at or slightly above 1.5C at median climate sensitivity but returns to values below 1.5C in at least 67 % of scenarios by the end of the century.
SSP2-PkBudg650-round3-bio5p5;1,varbio3;;;;;rcp20;globallyOptimal;;;9;650;;functionalForm;;100;2055;;;;;;;;;;;;;;;;;;;2050.GLO 0.9;NDC;;EUR_regi 5.5;2030.EUR_regi.tax.t.FE_wo_b_wo_n_e.all 1.2809;2035.2050.EUR_regi.all.year.netGHG_LULUCFGrassi 0.001;;;;;;;;;;;;2;;;;;;;Elec_Push;Mix4ICEban;1;2030;;SSP2-NPi2025;;SSP2-NPi2025;SSP2-PkBudg650: This climate policy scenario follows the Shared Socioeconomic Pathways 2 called Middle of the Road. The stylized climate policy scenario assumes a peak budget of 650 Gt CO2 on total CO2 emissions from 2015 to 2100. This is a 1.5C scenario, peak warming is allowed to be at or slightly above 1.5C at median climate sensitivity but returns to values below 1.5C in at least 67 % of scenarios by the end of the century.
SSP2-PkBudg650-round3-bio5;1,varbio3;;;;;rcp20;globallyOptimal;;;9;650;;functionalForm;;100;2055;;;;;;;;;;;;;;;;;;;2050.GLO 0.9;NDC;;EUR_regi 5;2030.EUR_regi.tax.t.FE_wo_b_wo_n_e.all 1.2809;2035.2050.EUR_regi.all.year.netGHG_LULUCFGrassi 0.001;;;;;;;;;;;;2;;;;;;;Elec_Push;Mix4ICEban;1;2030;;SSP2-NPi2025;;SSP2-NPi2025;SSP2-PkBudg650: This climate policy scenario follows the Shared Socioeconomic Pathways 2 called Middle of the Road. The stylized climate policy scenario assumes a peak budget of 650 Gt CO2 on total CO2 emissions from 2015 to 2100. This is a 1.5C scenario, peak warming is allowed to be at or slightly above 1.5C at median climate sensitivity but returns to values below 1.5C in at least 67 % of scenarios by the end of the century.
# biomass variations round 4;;;;;;;;;;;;;;;;;;;;;;;;;;;;;;;;;;;;;;;;;;;;;;;;;;;;;;;;;;;;;;;;;;;
SSP2-PkBudg650-round4-bioglob100;1,varbio4;;;;;rcp20;globallyOptimal;;;9;650;;functionalForm;;100;2055;;;;;;;;;;;;;;;;;;;2050.GLO 0.9;NDC;;;2030.EUR_regi.tax.t.FE_wo_b_wo_n_e.all 1.2809;2035.2050.EUR_regi.all.year.netGHG_LULUCFGrassi 0.001;;;;;;;;;;;;2;;;100;;;;Elec_Push;Mix4ICEban;1;2030;;SSP2-NPi2025;;SSP2-NPi2025;SSP2-PkBudg650: This climate policy scenario follows the Shared Socioeconomic Pathways 2 called Middle of the Road. The stylized climate policy scenario assumes a peak budget of 650 Gt CO2 on total CO2 emissions from 2015 to 2100. This is a 1.5C scenario, peak warming is allowed to be at or slightly above 1.5C at median climate sensitivity but returns to values below 1.5C in at least 67 % of scenarios by the end of the century.
SSP2-PkBudg650-round4-bioglob80;1,varbio4;;;;;rcp20;globallyOptimal;;;9;650;;functionalForm;;100;2055;;;;;;;;;;;;;;;;;;;2050.GLO 0.9;NDC;;;2030.EUR_regi.tax.t.FE_wo_b_wo_n_e.all 1.2809;2035.2050.EUR_regi.all.year.netGHG_LULUCFGrassi 0.001;;;;;;;;;;;;2;;;80;;;;Elec_Push;Mix4ICEban;1;2030;;SSP2-NPi2025;;SSP2-NPi2025;SSP2-PkBudg650: This climate policy scenario follows the Shared Socioeconomic Pathways 2 called Middle of the Road. The stylized climate policy scenario assumes a peak budget of 650 Gt CO2 on total CO2 emissions from 2015 to 2100. This is a 1.5C scenario, peak warming is allowed to be at or slightly above 1.5C at median climate sensitivity but returns to values below 1.5C in at least 67 % of scenarios by the end of the century.
SSP2-PkBudg650-round4-bioglob120;1,varbio4;;;;;rcp20;globallyOptimal;;;9;650;;functionalForm;;100;2055;;;;;;;;;;;;;;;;;;;2050.GLO 0.9;NDC;;;2030.EUR_regi.tax.t.FE_wo_b_wo_n_e.all 1.2809;2035.2050.EUR_regi.all.year.netGHG_LULUCFGrassi 0.001;;;;;;;;;;;;2;;;120;;;;Elec_Push;Mix4ICEban;1;2030;;SSP2-NPi2025;;SSP2-NPi2025;SSP2-PkBudg650: This climate policy scenario follows the Shared Socioeconomic Pathways 2 called Middle of the Road. The stylized climate policy scenario assumes a peak budget of 650 Gt CO2 on total CO2 emissions from 2015 to 2100. This is a 1.5C scenario, peak warming is allowed to be at or slightly above 1.5C at median climate sensitivity but returns to values below 1.5C in at least 67 % of scenarios by the end of the century.
# biomass variations round 5;;;;;;;;;;;;;;;;;;;;;;;;;;;;;;;;;;;;;;;;;;;;;;;;;;;;;;;;;;;;;;;;;;;
SSP2-PkBudg650-round5-biotax1p5;1,varbio5;;;;;rcp20;globallyOptimal;;;9;650;;functionalForm;;100;2055;;;;;;;;;;;1.5;;;;;;;;2050.GLO 0.9;NDC;;;2030.EUR_regi.tax.t.FE_wo_b_wo_n_e.all 1.2809;2035.2050.EUR_regi.all.year.netGHG_LULUCFGrassi 0.001;;;;;;;;;;;;2;;;;;;;Elec_Push;Mix4ICEban;1;2030;;SSP2-NPi2025;;SSP2-NPi2025;SSP2-PkBudg650: This climate policy scenario follows the Shared Socioeconomic Pathways 2 called Middle of the Road. The stylized climate policy scenario assumes a peak budget of 650 Gt CO2 on total CO2 emissions from 2015 to 2100. This is a 1.5C scenario, peak warming is allowed to be at or slightly above 1.5C at median climate sensitivity but returns to values below 1.5C in at least 67 % of scenarios by the end of the century.
SSP2-PkBudg650-round5-biotax1p6;1,varbio5;;;;;rcp20;globallyOptimal;;;9;650;;functionalForm;;100;2055;;;;;;;;;;;1.6;;;;;;;;2050.GLO 0.9;NDC;;;2030.EUR_regi.tax.t.FE_wo_b_wo_n_e.all 1.2809;2035.2050.EUR_regi.all.year.netGHG_LULUCFGrassi 0.001;;;;;;;;;;;;2;;;;;;;Elec_Push;Mix4ICEban;1;2030;;SSP2-NPi2025;;SSP2-NPi2025;SSP2-PkBudg650: This climate policy scenario follows the Shared Socioeconomic Pathways 2 called Middle of the Road. The stylized climate policy scenario assumes a peak budget of 650 Gt CO2 on total CO2 emissions from 2015 to 2100. This is a 1.5C scenario, peak warming is allowed to be at or slightly above 1.5C at median climate sensitivity but returns to values below 1.5C in at least 67 % of scenarios by the end of the century.
SSP2-PkBudg650-round5-biotax1p7;1,varbio5;;;;;rcp20;globallyOptimal;;;9;650;;functionalForm;;100;2055;;;;;;;;;;;1.7;;;;;;;;2050.GLO 0.9;NDC;;;2030.EUR_regi.tax.t.FE_wo_b_wo_n_e.all 1.2809;2035.2050.EUR_regi.all.year.netGHG_LULUCFGrassi 0.001;;;;;;;;;;;;2;;;;;;;Elec_Push;Mix4ICEban;1;2030;;SSP2-NPi2025;;SSP2-NPi2025;SSP2-PkBudg650: This climate policy scenario follows the Shared Socioeconomic Pathways 2 called Middle of the Road. The stylized climate policy scenario assumes a peak budget of 650 Gt CO2 on total CO2 emissions from 2015 to 2100. This is a 1.5C scenario, peak warming is allowed to be at or slightly above 1.5C at median climate sensitivity but returns to values below 1.5C in at least 67 % of scenarios by the end of the century.
SSP2-PkBudg650-round5-biotax1p8;1,varbio5;;;;;rcp20;globallyOptimal;;;9;650;;functionalForm;;100;2055;;;;;;;;;;;1.8;;;;;;;;2050.GLO 0.9;NDC;;;2030.EUR_regi.tax.t.FE_wo_b_wo_n_e.all 1.2809;2035.2050.EUR_regi.all.year.netGHG_LULUCFGrassi 0.001;;;;;;;;;;;;2;;;;;;;Elec_Push;Mix4ICEban;1;2030;;SSP2-NPi2025;;SSP2-NPi2025;SSP2-PkBudg650: This climate policy scenario follows the Shared Socioeconomic Pathways 2 called Middle of the Road. The stylized climate policy scenario assumes a peak budget of 650 Gt CO2 on total CO2 emissions from 2015 to 2100. This is a 1.5C scenario, peak warming is allowed to be at or slightly above 1.5C at median climate sensitivity but returns to values below 1.5C in at least 67 % of scenarios by the end of the century.
SSP2-PkBudg650-round5-biotax1p9;1,varbio5;;;;;rcp20;globallyOptimal;;;9;650;;functionalForm;;100;2055;;;;;;;;;;;1.9;;;;;;;;2050.GLO 0.9;NDC;;;2030.EUR_regi.tax.t.FE_wo_b_wo_n_e.all 1.2809;2035.2050.EUR_regi.all.year.netGHG_LULUCFGrassi 0.001;;;;;;;;;;;;2;;;;;;;Elec_Push;Mix4ICEban;1;2030;;SSP2-NPi2025;;SSP2-NPi2025;SSP2-PkBudg650: This climate policy scenario follows the Shared Socioeconomic Pathways 2 called Middle of the Road. The stylized climate policy scenario assumes a peak budget of 650 Gt CO2 on total CO2 emissions from 2015 to 2100. This is a 1.5C scenario, peak warming is allowed to be at or slightly above 1.5C at median climate sensitivity but returns to values below 1.5C in at least 67 % of scenarios by the end of the century.
SSP2-PkBudg650-round5-biotax2p0;1,varbio5;;;;;rcp20;globallyOptimal;;;9;650;;functionalForm;;100;2055;;;;;;;;;;;2.0;;;;;;;;2050.GLO 0.9;NDC;;;2030.EUR_regi.tax.t.FE_wo_b_wo_n_e.all 1.2809;2035.2050.EUR_regi.all.year.netGHG_LULUCFGrassi 0.001;;;;;;;;;;;;2;;;;;;;Elec_Push;Mix4ICEban;1;2030;;SSP2-NPi2025;;SSP2-NPi2025;SSP2-PkBudg650: This climate policy scenario follows the Shared Socioeconomic Pathways 2 called Middle of the Road. The stylized climate policy scenario assumes a peak budget of 650 Gt CO2 on total CO2 emissions from 2015 to 2100. This is a 1.5C scenario, peak warming is allowed to be at or slightly above 1.5C at median climate sensitivity but returns to values below 1.5C in at least 67 % of scenarios by the end of the century.
SSP2-PkBudg650-round5-biotax3;1,varbio5;;;;;rcp20;globallyOptimal;;;9;650;;functionalForm;;100;2055;;;;;;;;;;;3;;;;;;;;2050.GLO 0.9;NDC;;;2030.EUR_regi.tax.t.FE_wo_b_wo_n_e.all 1.2809;2035.2050.EUR_regi.all.year.netGHG_LULUCFGrassi 0.001;;;;;;;;;;;;2;;;;;;;Elec_Push;Mix4ICEban;1;2030;;SSP2-NPi2025;;SSP2-NPi2025;SSP2-PkBudg650: This climate policy scenario follows the Shared Socioeconomic Pathways 2 called Middle of the Road. The stylized climate policy scenario assumes a peak budget of 650 Gt CO2 on total CO2 emissions from 2015 to 2100. This is a 1.5C scenario, peak warming is allowed to be at or slightly above 1.5C at median climate sensitivity but returns to values below 1.5C in at least 67 % of scenarios by the end of the century.
SSP2-PkBudg650-round5-biotax4;1,varbio5;;;;;rcp20;globallyOptimal;;;9;650;;functionalForm;;100;2055;;;;;;;;;;;4;;;;;;;;2050.GLO 0.9;NDC;;;2030.EUR_regi.tax.t.FE_wo_b_wo_n_e.all 1.2809;2035.2050.EUR_regi.all.year.netGHG_LULUCFGrassi 0.001;;;;;;;;;;;;2;;;;;;;Elec_Push;Mix4ICEban;1;2030;;SSP2-NPi2025;;SSP2-NPi2025;SSP2-PkBudg650: This climate policy scenario follows the Shared Socioeconomic Pathways 2 called Middle of the Road. The stylized climate policy scenario assumes a peak budget of 650 Gt CO2 on total CO2 emissions from 2015 to 2100. This is a 1.5C scenario, peak warming is allowed to be at or slightly above 1.5C at median climate sensitivity but returns to values below 1.5C in at least 67 % of scenarios by the end of the century.
SSP2-PkBudg650-round5-biotax5;1,varbio5;;;;;rcp20;globallyOptimal;;;9;650;;functionalForm;;100;2055;;;;;;;;;;;5;;;;;;;;2050.GLO 0.9;NDC;;;2030.EUR_regi.tax.t.FE_wo_b_wo_n_e.all 1.2809;2035.2050.EUR_regi.all.year.netGHG_LULUCFGrassi 0.001;;;;;;;;;;;;2;;;;;;;Elec_Push;Mix4ICEban;1;2030;;SSP2-NPi2025;;SSP2-NPi2025;SSP2-PkBudg650: This climate policy scenario follows the Shared Socioeconomic Pathways 2 called Middle of the Road. The stylized climate policy scenario assumes a peak budget of 650 Gt CO2 on total CO2 emissions from 2015 to 2100. This is a 1.5C scenario, peak warming is allowed to be at or slightly above 1.5C at median climate sensitivity but returns to values below 1.5C in at least 67 % of scenarios by the end of the century.
SSP2-PkBudg650-round5-biotax6;1,varbio5;;;;;rcp20;globallyOptimal;;;9;650;;functionalForm;;100;2055;;;;;;;;;;;6;;;;;;;;2050.GLO 0.9;NDC;;;2030.EUR_regi.tax.t.FE_wo_b_wo_n_e.all 1.2809;2035.2050.EUR_regi.all.year.netGHG_LULUCFGrassi 0.001;;;;;;;;;;;;2;;;;;;;Elec_Push;Mix4ICEban;1;2030;;SSP2-NPi2025;;SSP2-NPi2025;SSP2-PkBudg650: This climate policy scenario follows the Shared Socioeconomic Pathways 2 called Middle of the Road. The stylized climate policy scenario assumes a peak budget of 650 Gt CO2 on total CO2 emissions from 2015 to 2100. This is a 1.5C scenario, peak warming is allowed to be at or slightly above 1.5C at median climate sensitivity but returns to values below 1.5C in at least 67 % of scenarios by the end of the century.
# biomass variations round 6;;;;;;;;;;;;;;;;;;;;;;;;;;;;;;;;;;;;;;;;;;;;;;;;;;;;;;;;;;;;;;;;;;;
SSP2-PkBudg650-round6-bioEFtax20;1,varbio6;;;;;rcp20;globallyOptimal;;;9;650;;functionalForm;;100;2055;;;;;;;20;;;EUR;;;;;;;;;2050.GLO 0.9;NDC;;;2030.EUR_regi.tax.t.FE_wo_b_wo_n_e.all 1.2809;2035.2050.EUR_regi.all.year.netGHG_LULUCFGrassi 0.001;;;;;;;;;;;;2;;;;;;;Elec_Push;Mix4ICEban;1;2030;;SSP2-NPi2025;;SSP2-NPi2025;SSP2-PkBudg650: This climate policy scenario follows the Shared Socioeconomic Pathways 2 called Middle of the Road. The stylized climate policy scenario assumes a peak budget of 650 Gt CO2 on total CO2 emissions from 2015 to 2100. This is a 1.5C scenario, peak warming is allowed to be at or slightly above 1.5C at median climate sensitivity but returns to values below 1.5C in at least 67 % of scenarios by the end of the century.
SSP2-PkBudg650-round6-bioEFtax30;1,varbio6;;;;;rcp20;globallyOptimal;;;9;650;;functionalForm;;100;2055;;;;;;;30;;;EUR;;;;;;;;;2050.GLO 0.9;NDC;;;2030.EUR_regi.tax.t.FE_wo_b_wo_n_e.all 1.2809;2035.2050.EUR_regi.all.year.netGHG_LULUCFGrassi 0.001;;;;;;;;;;;;2;;;;;;;Elec_Push;Mix4ICEban;1;2030;;SSP2-NPi2025;;SSP2-NPi2025;SSP2-PkBudg650: This climate policy scenario follows the Shared Socioeconomic Pathways 2 called Middle of the Road. The stylized climate policy scenario assumes a peak budget of 650 Gt CO2 on total CO2 emissions from 2015 to 2100. This is a 1.5C scenario, peak warming is allowed to be at or slightly above 1.5C at median climate sensitivity but returns to values below 1.5C in at least 67 % of scenarios by the end of the century.
SSP2-PkBudg650-round6-bioEFtax40;1,varbio6;;;;;rcp20;globallyOptimal;;;9;650;;functionalForm;;100;2055;;;;;;;40;;;EUR;;;;;;;;;2050.GLO 0.9;NDC;;;2030.EUR_regi.tax.t.FE_wo_b_wo_n_e.all 1.2809;2035.2050.EUR_regi.all.year.netGHG_LULUCFGrassi 0.001;;;;;;;;;;;;2;;;;;;;Elec_Push;Mix4ICEban;1;2030;;SSP2-NPi2025;;SSP2-NPi2025;SSP2-PkBudg650: This climate policy scenario follows the Shared Socioeconomic Pathways 2 called Middle of the Road. The stylized climate policy scenario assumes a peak budget of 650 Gt CO2 on total CO2 emissions from 2015 to 2100. This is a 1.5C scenario, peak warming is allowed to be at or slightly above 1.5C at median climate sensitivity but returns to values below 1.5C in at least 67 % of scenarios by the end of the century.
SSP2-PkBudg650-round6-bioEFtax50;1,varbio6;;;;;rcp20;globallyOptimal;;;9;650;;functionalForm;;100;2055;;;;;;;50;;;EUR;;;;;;;;;2050.GLO 0.9;NDC;;;2030.EUR_regi.tax.t.FE_wo_b_wo_n_e.all 1.2809;2035.2050.EUR_regi.all.year.netGHG_LULUCFGrassi 0.001;;;;;;;;;;;;2;;;;;;;Elec_Push;Mix4ICEban;1;2030;;SSP2-NPi2025;;SSP2-NPi2025;SSP2-PkBudg650: This climate policy scenario follows the Shared Socioeconomic Pathways 2 called Middle of the Road. The stylized climate policy scenario assumes a peak budget of 650 Gt CO2 on total CO2 emissions from 2015 to 2100. This is a 1.5C scenario, peak warming is allowed to be at or slightly above 1.5C at median climate sensitivity but returns to values below 1.5C in at least 67 % of scenarios by the end of the century.
# biomass variations round 7;;;;;;;;;;;;;;;;;;;;;;;;;;;;;;;;;;;;;;;;;;;;;;;;;;;;;;;;;;;;;;;;;;;
SSP2-PkBudg650-round7-biophaseout2045;1,varbio7;;;;;rcp20;globallyOptimal;;;9;650;;functionalForm;;100;2055;;;;;;;;;EUR 2045;EUR;;;;;;;;;2050.GLO 0.9;NDC;;;2030.EUR_regi.tax.t.FE_wo_b_wo_n_e.all 1.2809;2035.2050.EUR_regi.all.year.netGHG_LULUCFGrassi 0.001;;;;;;;;;;;;2;;;;;;;Elec_Push;Mix4ICEban;1;2030;;SSP2-NPi2025;;SSP2-NPi2025;SSP2-PkBudg650: This climate policy scenario follows the Shared Socioeconomic Pathways 2 called Middle of the Road. The stylized climate policy scenario assumes a peak budget of 650 Gt CO2 on total CO2 emissions from 2015 to 2100. This is a 1.5C scenario, peak warming is allowed to be at or slightly above 1.5C at median climate sensitivity but returns to values below 1.5C in at least 67 % of scenarios by the end of the century.
SSP2-PkBudg650-round7-biophaseout2050;1,varbio7;;;;;rcp20;globallyOptimal;;;9;650;;functionalForm;;100;2055;;;;;;;;;EUR 2050;EUR;;;;;;;;;2050.GLO 0.9;NDC;;;2030.EUR_regi.tax.t.FE_wo_b_wo_n_e.all 1.2809;2035.2050.EUR_regi.all.year.netGHG_LULUCFGrassi 0.001;;;;;;;;;;;;2;;;;;;;Elec_Push;Mix4ICEban;1;2030;;SSP2-NPi2025;;SSP2-NPi2025;SSP2-PkBudg650: This climate policy scenario follows the Shared Socioeconomic Pathways 2 called Middle of the Road. The stylized climate policy scenario assumes a peak budget of 650 Gt CO2 on total CO2 emissions from 2015 to 2100. This is a 1.5C scenario, peak warming is allowed to be at or slightly above 1.5C at median climate sensitivity but returns to values below 1.5C in at least 67 % of scenarios by the end of the century.
SSP2-PkBudg650-round7-biophaseout2055;1,varbio7;;;;;rcp20;globallyOptimal;;;9;650;;functionalForm;;100;2055;;;;;;;;;EUR 2055;EUR;;;;;;;;;2050.GLO 0.9;NDC;;;2030.EUR_regi.tax.t.FE_wo_b_wo_n_e.all 1.2809;2035.2050.EUR_regi.all.year.netGHG_LULUCFGrassi 0.001;;;;;;;;;;;;2;;;;;;;Elec_Push;Mix4ICEban;1;2030;;SSP2-NPi2025;;SSP2-NPi2025;SSP2-PkBudg650: This climate policy scenario follows the Shared Socioeconomic Pathways 2 called Middle of the Road. The stylized climate policy scenario assumes a peak budget of 650 Gt CO2 on total CO2 emissions from 2015 to 2100. This is a 1.5C scenario, peak warming is allowed to be at or slightly above 1.5C at median climate sensitivity but returns to values below 1.5C in at least 67 % of scenarios by the end of the century.
# biomass variations round 8;;;;;;;;;;;;;;;;;;;;;;;;;;;;;;;;;;;;;;;;;;;;;;;;;;;;;;;;;;;;;;;;;;;
SSP2-PkBudg650-round8-biophaseout2045;1,varbio8;;;;;rcp20;globallyOptimal;;;9;650;;functionalForm;;100;2055;;;;;;;;;EUR 2045;EUR;;;;;;;;;2050.GLO 0.9;NDC;;;2030.EUR_regi.tax.t.FE_wo_b_wo_n_e.all 1.2809;2035.2050.EUR_regi.all.year.netGHG_LULUCFGrassi 0.001;;;;;;;;;;;;2;;;;;;;Elec_Push;Mix4ICEban;1;2030;;SSP2-NPi2025;;SSP2-NPi2025;SSP2-PkBudg650: This climate policy scenario follows the Shared Socioeconomic Pathways 2 called Middle of the Road. The stylized climate policy scenario assumes a peak budget of 650 Gt CO2 on total CO2 emissions from 2015 to 2100. This is a 1.5C scenario, peak warming is allowed to be at or slightly above 1.5C at median climate sensitivity but returns to values below 1.5C in at least 67 % of scenarios by the end of the century.
SSP2-PkBudg650-round8-biophaseout2050;1,varbio8;;;;;rcp20;globallyOptimal;;;9;650;;functionalForm;;100;2055;;;;;;;;;EUR 2050;EUR;;;;;;;;;2050.GLO 0.9;NDC;;;2030.EUR_regi.tax.t.FE_wo_b_wo_n_e.all 1.2809;2035.2050.EUR_regi.all.year.netGHG_LULUCFGrassi 0.001;;;;;;;;;;;;2;;;;;;;Elec_Push;Mix4ICEban;1;2030;;SSP2-NPi2025;;SSP2-NPi2025;SSP2-PkBudg650: This climate policy scenario follows the Shared Socioeconomic Pathways 2 called Middle of the Road. The stylized climate policy scenario assumes a peak budget of 650 Gt CO2 on total CO2 emissions from 2015 to 2100. This is a 1.5C scenario, peak warming is allowed to be at or slightly above 1.5C at median climate sensitivity but returns to values below 1.5C in at least 67 % of scenarios by the end of the century.
SSP2-PkBudg650-round8-biophaseout2055;1,varbio8;;;;;rcp20;globallyOptimal;;;9;650;;functionalForm;;100;2055;;;;;;;;;EUR 2055;EUR;;;;;;;;;2050.GLO 0.9;NDC;;;2030.EUR_regi.tax.t.FE_wo_b_wo_n_e.all 1.2809;2035.2050.EUR_regi.all.year.netGHG_LULUCFGrassi 0.001;;;;;;;;;;;;2;;;;;;;Elec_Push;Mix4ICEban;1;2030;;SSP2-NPi2025;;SSP2-NPi2025;SSP2-PkBudg650: This climate policy scenario follows the Shared Socioeconomic Pathways 2 called Middle of the Road. The stylized climate policy scenario assumes a peak budget of 650 Gt CO2 on total CO2 emissions from 2015 to 2100. This is a 1.5C scenario, peak warming is allowed to be at or slightly above 1.5C at median climate sensitivity but returns to values below 1.5C in at least 67 % of scenarios by the end of the century.
SSP2-PkBudg650-round8-biophaseout2060;1,varbio8;;;;;rcp20;globallyOptimal;;;9;650;;functionalForm;;100;2055;;;;;;;;;EUR 2060;EUR;;;;;;;;;2050.GLO 0.9;NDC;;;2030.EUR_regi.tax.t.FE_wo_b_wo_n_e.all 1.2809;2035.2050.EUR_regi.all.year.netGHG_LULUCFGrassi 0.001;;;;;;;;;;;;2;;;;;;;Elec_Push;Mix4ICEban;1;2030;;SSP2-NPi2025;;SSP2-NPi2025;SSP2-PkBudg650: This climate policy scenario follows the Shared Socioeconomic Pathways 2 called Middle of the Road. The stylized climate policy scenario assumes a peak budget of 650 Gt CO2 on total CO2 emissions from 2015 to 2100. This is a 1.5C scenario, peak warming is allowed to be at or slightly above 1.5C at median climate sensitivity but returns to values below 1.5C in at least 67 % of scenarios by the end of the century.
# biomass variations round 9;;;;;;;;;;;;;;;;;;;;;;;;;;;;;;;;;;;;;;;;;;;;;;;;;;;;;;;;;;;;;;;;;;;
SSP2-PkBudg650-round9-purpose2050;1,varbio9;;;;;rcp20;globallyOptimal;;;9;650;;functionalForm;;100;2055;;;;;;;;;EUR 2050;EUR;;;;;;;;;2050.GLO 0.9;NDC;;;2030.EUR_regi.tax.t.FE_wo_b_wo_n_e.all 1.2809;2035.2050.EUR_regi.all.year.netGHG_LULUCFGrassi 0.001;;;;;;;;;;;;2;;;;;;;Elec_Push;Mix4ICEban;1;2030;;SSP2-NPi2025;;SSP2-NPi2025;SSP2-PkBudg650: This climate policy scenario follows the Shared Socioeconomic Pathways 2 called Middle of the Road. The stylized climate policy scenario assumes a peak budget of 650 Gt CO2 on total CO2 emissions from 2015 to 2100. This is a 1.5C scenario, peak warming is allowed to be at or slightly above 1.5C at median climate sensitivity but returns to values below 1.5C in at least 67 % of scenarios by the end of the century.
SSP2-PkBudg650-round9-purpose2050-1stgen;1,varbio9;;;;;rcp20;globallyOptimal;;;9;650;;functionalForm;;100;2055;;;;;;;;;EUR 2050;EUR;;;;;;;;;2050.GLO 0.9;NDC;;;2030.EUR_regi.tax.t.FE_wo_b_wo_n_e.all 1.2809;2035.2050.EUR_regi.all.year.netGHG_LULUCFGrassi 0.001;;;;;;;;;;;;2;;;;1;;;Elec_Push;Mix4ICEban;1;2030;;SSP2-NPi2025;;SSP2-NPi2025;SSP2-PkBudg650: This climate policy scenario follows the Shared Socioeconomic Pathways 2 called Middle of the Road. The stylized climate policy scenario assumes a peak budget of 650 Gt CO2 on total CO2 emissions from 2015 to 2100. This is a 1.5C scenario, peak warming is allowed to be at or slightly above 1.5C at median climate sensitivity but returns to values below 1.5C in at least 67 % of scenarios by the end of the century.
# biomass variations round 10;;;;;;;;;;;;;;;;;;;;;;;;;;;;;;;;;;;;;;;;;;;;;;;;;;;;;;;;;;;;;;;;;;;
SSP2-PkBudg650-round10-lowbio;1,varbio10;;;;;rcp20;globallyOptimal;;;9;650;;functionalForm;;100;2055;;;;;;;;;;EUR;;;;;;;;;2050.GLO 0.9;NDC;;;2030.EUR_regi.tax.t.FE_wo_b_wo_n_e.all 1.2809;2035.2050.EUR_regi.all.year.netGHG_LULUCFGrassi 0.001;;;;;;;;;;;;2;;;100;1;;;Elec_Push;Mix4ICEban;1;2030;;SSP2-NPi2025;;SSP2-NPi2025;SSP2-PkBudg650: This climate policy scenario follows the Shared Socioeconomic Pathways 2 called Middle of the Road. The stylized climate policy scenario assumes a peak budget of 650 Gt CO2 on total CO2 emissions from 2015 to 2100. This is a 1.5C scenario, peak warming is allowed to be at or slightly above 1.5C at median climate sensitivity but returns to values below 1.5C in at least 67 % of scenarios by the end of the century.
SSP2-PkBudg650-round10-lowbio-EU;1,varbio10;;;;;rcp20;globallyOptimal;;;9;650;;functionalForm;;100;2055;;;;;;;;;EUR 2050;EUR;;;;;;;;;2050.GLO 0.9;NDC;;;2030.EUR_regi.tax.t.FE_wo_b_wo_n_e.all 1.2809;2035.2050.EUR_regi.all.year.netGHG_LULUCFGrassi 0.001;;;;;;;;;;;;2;;;100;1;;;Elec_Push;Mix4ICEban;1;2030;;SSP2-NPi2025;;SSP2-NPi2025;SSP2-PkBudg650: This climate policy scenario follows the Shared Socioeconomic Pathways 2 called Middle of the Road. The stylized climate policy scenario assumes a peak budget of 650 Gt CO2 on total CO2 emissions from 2015 to 2100. This is a 1.5C scenario, peak warming is allowed to be at or slightly above 1.5C at median climate sensitivity but returns to values below 1.5C in at least 67 % of scenarios by the end of the century.
# biomass variations round 11;;;;;;;;;;;;;;;;;;;;;;;;;;;;;;;;;;;;;;;;;;;;;;;;;;;;;;;;;;;;;;;;;;;
SSP2-PkBudg650-round11-lowbio-tax0p5;1,varbio11;;;;;rcp20;globallyOptimal;;;9;650;;functionalForm;;100;2055;;;;;;;;0.5;;EUR;;;;;;;;;2050.GLO 0.9;NDC;;;2030.EUR_regi.tax.t.FE_wo_b_wo_n_e.all 1.2809;2035.2050.EUR_regi.all.year.netGHG_LULUCFGrassi 0.001;;;;;;;;;;;;2;;;100;1;;;Elec_Push;Mix4ICEban;1;2030;;SSP2-NPi2025;;SSP2-NPi2025;SSP2-PkBudg650: This climate policy scenario follows the Shared Socioeconomic Pathways 2 called Middle of the Road. The stylized climate policy scenario assumes a peak budget of 650 Gt CO2 on total CO2 emissions from 2015 to 2100. This is a 1.5C scenario, peak warming is allowed to be at or slightly above 1.5C at median climate sensitivity but returns to values below 1.5C in at least 67 % of scenarios by the end of the century.
SSP2-PkBudg650-round11-lowbio-tax1p0;1,varbio11;;;;;rcp20;globallyOptimal;;;9;650;;functionalForm;;100;2055;;;;;;;;1.0;;EUR;;;;;;;;;2050.GLO 0.9;NDC;;;2030.EUR_regi.tax.t.FE_wo_b_wo_n_e.all 1.2809;2035.2050.EUR_regi.all.year.netGHG_LULUCFGrassi 0.001;;;;;;;;;;;;2;;;100;1;;;Elec_Push;Mix4ICEban;1;2030;;SSP2-NPi2025;;SSP2-NPi2025;SSP2-PkBudg650: This climate policy scenario follows the Shared Socioeconomic Pathways 2 called Middle of the Road. The stylized climate policy scenario assumes a peak budget of 650 Gt CO2 on total CO2 emissions from 2015 to 2100. This is a 1.5C scenario, peak warming is allowed to be at or slightly above 1.5C at median climate sensitivity but returns to values below 1.5C in at least 67 % of scenarios by the end of the century.
SSP2-PkBudg650-round11-lowbio-tax1p5;1,varbio11;;;;;rcp20;globallyOptimal;;;9;650;;functionalForm;;100;2055;;;;;;;;1.5;;EUR;;;;;;;;;2050.GLO 0.9;NDC;;;2030.EUR_regi.tax.t.FE_wo_b_wo_n_e.all 1.2809;2035.2050.EUR_regi.all.year.netGHG_LULUCFGrassi 0.001;;;;;;;;;;;;2;;;100;1;;;Elec_Push;Mix4ICEban;1;2030;;SSP2-NPi2025;;SSP2-NPi2025;SSP2-PkBudg650: This climate policy scenario follows the Shared Socioeconomic Pathways 2 called Middle of the Road. The stylized climate policy scenario assumes a peak budget of 650 Gt CO2 on total CO2 emissions from 2015 to 2100. This is a 1.5C scenario, peak warming is allowed to be at or slightly above 1.5C at median climate sensitivity but returns to values below 1.5C in at least 67 % of scenarios by the end of the century.
SSP2-PkBudg650-round11-lowbio-tax2p0;1,varbio11;;;;;rcp20;globallyOptimal;;;9;650;;functionalForm;;100;2055;;;;;;;;2.0;;EUR;;;;;;;;;2050.GLO 0.9;NDC;;;2030.EUR_regi.tax.t.FE_wo_b_wo_n_e.all 1.2809;2035.2050.EUR_regi.all.year.netGHG_LULUCFGrassi 0.001;;;;;;;;;;;;2;;;100;1;;;Elec_Push;Mix4ICEban;1;2030;;SSP2-NPi2025;;SSP2-NPi2025;SSP2-PkBudg650: This climate policy scenario follows the Shared Socioeconomic Pathways 2 called Middle of the Road. The stylized climate policy scenario assumes a peak budget of 650 Gt CO2 on total CO2 emissions from 2015 to 2100. This is a 1.5C scenario, peak warming is allowed to be at or slightly above 1.5C at median climate sensitivity but returns to values below 1.5C in at least 67 % of scenarios by the end of the century.
SSP2-PkBudg650-round11-lowbio-tax2p5;1,varbio11;;;;;rcp20;globallyOptimal;;;9;650;;functionalForm;;100;2055;;;;;;;;2.5;;EUR;;;;;;;;;2050.GLO 0.9;NDC;;;2030.EUR_regi.tax.t.FE_wo_b_wo_n_e.all 1.2809;2035.2050.EUR_regi.all.year.netGHG_LULUCFGrassi 0.001;;;;;;;;;;;;2;;;100;1;;;Elec_Push;Mix4ICEban;1;2030;;SSP2-NPi2025;;SSP2-NPi2025;SSP2-PkBudg650: This climate policy scenario follows the Shared Socioeconomic Pathways 2 called Middle of the Road. The stylized climate policy scenario assumes a peak budget of 650 Gt CO2 on total CO2 emissions from 2015 to 2100. This is a 1.5C scenario, peak warming is allowed to be at or slightly above 1.5C at median climate sensitivity but returns to values below 1.5C in at least 67 % of scenarios by the end of the century.
SSP2-PkBudg650-round11-lowbio-tax3p0;1,varbio11;;;;;rcp20;globallyOptimal;;;9;650;;functionalForm;;100;2055;;;;;;;;3.0;;EUR;;;;;;;;;2050.GLO 0.9;NDC;;;2030.EUR_regi.tax.t.FE_wo_b_wo_n_e.all 1.2809;2035.2050.EUR_regi.all.year.netGHG_LULUCFGrassi 0.001;;;;;;;;;;;;2;;;100;1;;;Elec_Push;Mix4ICEban;1;2030;;SSP2-NPi2025;;SSP2-NPi2025;SSP2-PkBudg650: This climate policy scenario follows the Shared Socioeconomic Pathways 2 called Middle of the Road. The stylized climate policy scenario assumes a peak budget of 650 Gt CO2 on total CO2 emissions from 2015 to 2100. This is a 1.5C scenario, peak warming is allowed to be at or slightly above 1.5C at median climate sensitivity but returns to values below 1.5C in at least 67 % of scenarios by the end of the century.
SSP2-PkBudg650-round11-lowbio-tax4p0;1,varbio11;;;;;rcp20;globallyOptimal;;;9;650;;functionalForm;;100;2055;;;;;;;;4.0;;EUR;;;;;;;;;2050.GLO 0.9;NDC;;;2030.EUR_regi.tax.t.FE_wo_b_wo_n_e.all 1.2809;2035.2050.EUR_regi.all.year.netGHG_LULUCFGrassi 0.001;;;;;;;;;;;;2;;;100;1;;;Elec_Push;Mix4ICEban;1;2030;;SSP2-NPi2025;;SSP2-NPi2025;SSP2-PkBudg650: This climate policy scenario follows the Shared Socioeconomic Pathways 2 called Middle of the Road. The stylized climate policy scenario assumes a peak budget of 650 Gt CO2 on total CO2 emissions from 2015 to 2100. This is a 1.5C scenario, peak warming is allowed to be at or slightly above 1.5C at median climate sensitivity but returns to values below 1.5C in at least 67 % of scenarios by the end of the century.
# biomass variations round 12;;;;;;;;;;;;;;;;;;;;;;;;;;;;;;;;;;;;;;;;;;;;;;;;;;;;;;;;;;;;;;;;;;;
SSP2-PkBudg650-round12-lowbio-1stgenlim3p6EJ;1,varbio12;;;;;rcp20;globallyOptimal;;;9;650;;functionalForm;;100;2055;;;;;;;;;;EUR;;;;;;;;;2050.GLO 0.9;NDC;;;2030.EUR_regi.tax.t.FE_wo_b_wo_n_e.all 1.2809,2050.GLO.tax.t.PE.biomass_1stgen 0.11416;2035.2050.EUR_regi.all.year.netGHG_LULUCFGrassi 0.001;;;;;;;;;;;;2;;;100;1;;;Elec_Push;Mix4ICEban;1;2030;;SSP2-NPi2025;;SSP2-NPi2025;SSP2-PkBudg650: This climate policy scenario follows the Shared Socioeconomic Pathways 2 called Middle of the Road. The stylized climate policy scenario assumes a peak budget of 650 Gt CO2 on total CO2 emissions from 2015 to 2100. This is a 1.5C scenario, peak warming is allowed to be at or slightly above 1.5C at median climate sensitivity but returns to values below 1.5C in at least 67 % of scenarios by the end of the century.
SSP2-PkBudg650-round12-lowbio-1stgenlim3p1EJ;1,varbio12;;;;;rcp20;globallyOptimal;;;9;650;;functionalForm;;100;2055;;;;;;;;;;EUR;;;;;;;;;2050.GLO 0.9;NDC;;;2030.EUR_regi.tax.t.FE_wo_b_wo_n_e.all 1.2809,2050.GLO.tax.t.PE.biomass_1stgen 0.0983;2035.2050.EUR_regi.all.year.netGHG_LULUCFGrassi 0.001;;;;;;;;;;;;2;;;100;1;;;Elec_Push;Mix4ICEban;1;2030;;SSP2-NPi2025;;SSP2-NPi2025;SSP2-PkBudg650: This climate policy scenario follows the Shared Socioeconomic Pathways 2 called Middle of the Road. The stylized climate policy scenario assumes a peak budget of 650 Gt CO2 on total CO2 emissions from 2015 to 2100. This is a 1.5C scenario, peak warming is allowed to be at or slightly above 1.5C at median climate sensitivity but returns to values below 1.5C in at least 67 % of scenarios by the end of the century.
SSP2-PkBudg650-round12-lowbio-1stgenlim2p6EJ;1,varbio12;;;;;rcp20;globallyOptimal;;;9;650;;functionalForm;;100;2055;;;;;;;;;;EUR;;;;;;;;;2050.GLO 0.9;NDC;;;2030.EUR_regi.tax.t.FE_wo_b_wo_n_e.all 1.2809,2050.GLO.tax.t.PE.biomass_1stgen 0.08245;2035.2050.EUR_regi.all.year.netGHG_LULUCFGrassi 0.001;;;;;;;;;;;;2;;;100;1;;;Elec_Push;Mix4ICEban;1;2030;;SSP2-NPi2025;;SSP2-NPi2025;SSP2-PkBudg650: This climate policy scenario follows the Shared Socioeconomic Pathways 2 called Middle of the Road. The stylized climate policy scenario assumes a peak budget of 650 Gt CO2 on total CO2 emissions from 2015 to 2100. This is a 1.5C scenario, peak warming is allowed to be at or slightly above 1.5C at median climate sensitivity but returns to values below 1.5C in at least 67 % of scenarios by the end of the century.
SSP2-PkBudg650-round12-lowbio-1stgenlim2p1EJ;1,varbio12;;;;;rcp20;globallyOptimal;;;9;650;;functionalForm;;100;2055;;;;;;;;;;EUR;;;;;;;;;2050.GLO 0.9;NDC;;;2030.EUR_regi.tax.t.FE_wo_b_wo_n_e.all 1.2809,2050.GLO.tax.t.PE.biomass_1stgen 0.06659;2035.2050.EUR_regi.all.year.netGHG_LULUCFGrassi 0.001;;;;;;;;;;;;2;;;100;1;;;Elec_Push;Mix4ICEban;1;2030;;SSP2-NPi2025;;SSP2-NPi2025;SSP2-PkBudg650: This climate policy scenario follows the Shared Socioeconomic Pathways 2 called Middle of the Road. The stylized climate policy scenario assumes a peak budget of 650 Gt CO2 on total CO2 emissions from 2015 to 2100. This is a 1.5C scenario, peak warming is allowed to be at or slightly above 1.5C at median climate sensitivity but returns to values below 1.5C in at least 67 % of scenarios by the end of the century.
SSP2-PkBudg650-round12-lowbio-1stgenlim1p6EJ;1,varbio12;;;;;rcp20;globallyOptimal;;;9;650;;functionalForm;;100;2055;;;;;;;;;;EUR;;;;;;;;;2050.GLO 0.9;NDC;;;2030.EUR_regi.tax.t.FE_wo_b_wo_n_e.all 1.2809,2050.GLO.tax.t.PE.biomass_1stgen 0.05074;2035.2050.EUR_regi.all.year.netGHG_LULUCFGrassi 0.001;;;;;;;;;;;;2;;;100;1;;;Elec_Push;Mix4ICEban;1;2030;;SSP2-NPi2025;;SSP2-NPi2025;SSP2-PkBudg650: This climate policy scenario follows the Shared Socioeconomic Pathways 2 called Middle of the Road. The stylized climate policy scenario assumes a peak budget of 650 Gt CO2 on total CO2 emissions from 2015 to 2100. This is a 1.5C scenario, peak warming is allowed to be at or slightly above 1.5C at median climate sensitivity but returns to values below 1.5C in at least 67 % of scenarios by the end of the century.
SSP2-PkBudg650-round12-lowbio-1stgenlim1p1EJ;1,varbio12;;;;;rcp20;globallyOptimal;;;9;650;;functionalForm;;100;2055;;;;;;;;;;EUR;;;;;;;;;2050.GLO 0.9;NDC;;;2030.EUR_regi.tax.t.FE_wo_b_wo_n_e.all 1.2809,2050.GLO.tax.t.PE.biomass_1stgen 0.03488;2035.2050.EUR_regi.all.year.netGHG_LULUCFGrassi 0.001;;;;;;;;;;;;2;;;100;1;;;Elec_Push;Mix4ICEban;1;2030;;SSP2-NPi2025;;SSP2-NPi2025;SSP2-PkBudg650: This climate policy scenario follows the Shared Socioeconomic Pathways 2 called Middle of the Road. The stylized climate policy scenario assumes a peak budget of 650 Gt CO2 on total CO2 emissions from 2015 to 2100. This is a 1.5C scenario, peak warming is allowed to be at or slightly above 1.5C at median climate sensitivity but returns to values below 1.5C in at least 67 % of scenarios by the end of the century.
SSP2-PkBudg650-round12-lowbio-1stgenlim0p6EJ;1,varbio12;;;;;rcp20;globallyOptimal;;;9;650;;functionalForm;;100;2055;;;;;;;;;;EUR;;;;;;;;;2050.GLO 0.9;NDC;;;2030.EUR_regi.tax.t.FE_wo_b_wo_n_e.all 1.2809,2050.GLO.tax.t.PE.biomass_1stgen 0.01903;2035.2050.EUR_regi.all.year.netGHG_LULUCFGrassi 0.001;;;;;;;;;;;;2;;;100;1;;;Elec_Push;Mix4ICEban;1;2030;;SSP2-NPi2025;;SSP2-NPi2025;SSP2-PkBudg650: This climate policy scenario follows the Shared Socioeconomic Pathways 2 called Middle of the Road. The stylized climate policy scenario assumes a peak budget of 650 Gt CO2 on total CO2 emissions from 2015 to 2100. This is a 1.5C scenario, peak warming is allowed to be at or slightly above 1.5C at median climate sensitivity but returns to values below 1.5C in at least 67 % of scenarios by the end of the century.
SSP2-PkBudg650-round12-lowbio-1stgenlim0p1EJ;1,varbio12;;;;;rcp20;globallyOptimal;;;9;650;;functionalForm;;100;2055;;;;;;;;;;EUR;;;;;;;;;2050.GLO 0.9;NDC;;;2030.EUR_regi.tax.t.FE_wo_b_wo_n_e.all 1.2809,2050.GLO.tax.t.PE.biomass_1stgen 0.00317;2035.2050.EUR_regi.all.year.netGHG_LULUCFGrassi 0.001;;;;;;;;;;;;2;;;100;1;;;Elec_Push;Mix4ICEban;1;2030;;SSP2-NPi2025;;SSP2-NPi2025;SSP2-PkBudg650: This climate policy scenario follows the Shared Socioeconomic Pathways 2 called Middle of the Road. The stylized climate policy scenario assumes a peak budget of 650 Gt CO2 on total CO2 emissions from 2015 to 2100. This is a 1.5C scenario, peak warming is allowed to be at or slightly above 1.5C at median climate sensitivity but returns to values below 1.5C in at least 67 % of scenarios by the end of the century.
# biomass variations round 13;;;;;;;;;;;;;;;;;;;;;;;;;;;;;;;;;;;;;;;;;;;;;;;;;;;;;;;;;;;;;;;;;;;
SSP2-PkBudg650-round13-lowbio100EJ;1,varbio13;;;;;rcp20;globallyOptimal;;;9;650;;functionalForm;;100;2055;;;;;;;;;;EUR;;;;;;;;;2050.GLO 0.9;NDC;;;2030.EUR_regi.tax.t.FE_wo_b_wo_n_e.all 1.2809;2035.2050.EUR_regi.all.year.netGHG_LULUCFGrassi 0.001;;;;;;;;;;;;2;;;100;;;;Elec_Push;Mix4ICEban;1;2030;;SSP2-NPi2025;;SSP2-NPi2025;SSP2-PkBudg650: This climate policy scenario follows the Shared Socioeconomic Pathways 2 called Middle of the Road. The stylized climate policy scenario assumes a peak budget of 650 Gt CO2 on total CO2 emissions from 2015 to 2100. This is a 1.5C scenario, peak warming is allowed to be at or slightly above 1.5C at median climate sensitivity but returns to values below 1.5C in at least 67 % of scenarios by the end of the century.
SSP2-PkBudg650-round13-1stgenlim0p6EJ;1,varbio13;;;;;rcp20;globallyOptimal;;;9;650;;functionalForm;;100;2055;;;;;;;;;;EUR;;;;;;;;;2050.GLO 0.9;NDC;;;2030.EUR_regi.tax.t.FE_wo_b_wo_n_e.all 1.2809,2050.GLO.tax.t.PE.biomass_1stgen 0.01903;2035.2050.EUR_regi.all.year.netGHG_LULUCFGrassi 0.001;;;;;;;;;;;;2;;;;1;;;Elec_Push;Mix4ICEban;1;2030;;SSP2-NPi2025;;SSP2-NPi2025;SSP2-PkBudg650: This climate policy scenario follows the Shared Socioeconomic Pathways 2 called Middle of the Road. The stylized climate policy scenario assumes a peak budget of 650 Gt CO2 on total CO2 emissions from 2015 to 2100. This is a 1.5C scenario, peak warming is allowed to be at or slightly above 1.5C at median climate sensitivity but returns to values below 1.5C in at least 67 % of scenarios by the end of the century.
SSP2-PkBudg650-round13-lowbio100EJ-1stgenlim0p6EJ;1,varbio13;;;;;rcp20;globallyOptimal;;;9;650;;functionalForm;;100;2055;;;;;;;;;;EUR;;;;;;;;;2050.GLO 0.9;NDC;;;2030.EUR_regi.tax.t.FE_wo_b_wo_n_e.all 1.2809,2050.GLO.tax.t.PE.biomass_1stgen 0.01903;2035.2050.EUR_regi.all.year.netGHG_LULUCFGrassi 0.001;;;;;;;;;;;;2;;;100;1;;;Elec_Push;Mix4ICEban;1;2030;;SSP2-NPi2025;;SSP2-NPi2025;SSP2-PkBudg650: This climate policy scenario follows the Shared Socioeconomic Pathways 2 called Middle of the Road. The stylized climate policy scenario assumes a peak budget of 650 Gt CO2 on total CO2 emissions from 2015 to 2100. This is a 1.5C scenario, peak warming is allowed to be at or slightly above 1.5C at median climate sensitivity but returns to values below 1.5C in at least 67 % of scenarios by the end of the century.
# biomass variations round 14;;;;;;;;;;;;;;;;;;;;;;;;;;;;;;;;;;;;;;;;;;;;;;;;;;;;;;;;;;;;;;;;;;;
SSP2-PkBudg650-round14;1,varbio14;;;;;rcp20;globallyOptimal;;;9;650;;functionalForm;;100;2055;;;;;;;;;;;;;;;;;;;2050.GLO 0.9;NDC;;;2030.EUR_regi.tax.t.FE_wo_b_wo_n_e.all 1.2809;2035.2060.GLO.all.year.netGHG_LULUCFGrassi 0.005;;;;;;;;;;;;2;;;;;;;Elec_Push;Mix4ICEban;1;2030;;SSP2-NPi2025;;SSP2-NPi2025;SSP2-PkBudg650: This climate policy scenario follows the Shared Socioeconomic Pathways 2 called Middle of the Road. The stylized climate policy scenario assumes a peak budget of 650 Gt CO2 on total CO2 emissions from 2015 to 2100. This is a 1.5C scenario, peak warming is allowed to be at or slightly above 1.5C at median climate sensitivity but returns to values below 1.5C in at least 67 % of scenarios by the end of the century.
SSP2-PkBudg650-round14-140EJ;1,varbio14;;;;;rcp20;globallyOptimal;;;9;650;;functionalForm;;100;2055;;;;;;;;;;;;;;;;;;;2050.GLO 0.9;NDC;;;2030.EUR_regi.tax.t.FE_wo_b_wo_n_e.all 1.2809;2035.2060.GLO.all.year.netGHG_LULUCFGrassi 0.005;;;;;;;;;;;;2;;;140;;;;Elec_Push;Mix4ICEban;1;2030;;SSP2-NPi2025;;SSP2-NPi2025;SSP2-PkBudg650: This climate policy scenario follows the Shared Socioeconomic Pathways 2 called Middle of the Road. The stylized climate policy scenario assumes a peak budget of 650 Gt CO2 on total CO2 emissions from 2015 to 2100. This is a 1.5C scenario, peak warming is allowed to be at or slightly above 1.5C at median climate sensitivity but returns to values below 1.5C in at least 67 % of scenarios by the end of the century.
SSP2-PkBudg650-round14-120EJ;1,varbio14;;;;;rcp20;globallyOptimal;;;9;650;;functionalForm;;100;2055;;;;;;;;;;;;;;;;;;;2050.GLO 0.9;NDC;;;2030.EUR_regi.tax.t.FE_wo_b_wo_n_e.all 1.2809;2035.2060.GLO.all.year.netGHG_LULUCFGrassi 0.005;;;;;;;;;;;;2;;;120;;;;Elec_Push;Mix4ICEban;1;2030;;SSP2-NPi2025;;SSP2-NPi2025;SSP2-PkBudg650: This climate policy scenario follows the Shared Socioeconomic Pathways 2 called Middle of the Road. The stylized climate policy scenario assumes a peak budget of 650 Gt CO2 on total CO2 emissions from 2015 to 2100. This is a 1.5C scenario, peak warming is allowed to be at or slightly above 1.5C at median climate sensitivity but returns to values below 1.5C in at least 67 % of scenarios by the end of the century.
SSP2-PkBudg650-round14-100EJ;1,varbio14;;;;;rcp20;globallyOptimal;;;9;650;;functionalForm;;100;2055;;;;;;;;;;;;;;;;;;;2050.GLO 0.9;NDC;;;2030.EUR_regi.tax.t.FE_wo_b_wo_n_e.all 1.2809;2035.2060.GLO.all.year.netGHG_LULUCFGrassi 0.005;;;;;;;;;;;;2;;;100;;;;Elec_Push;Mix4ICEban;1;2030;;SSP2-NPi2025;;SSP2-NPi2025;SSP2-PkBudg650: This climate policy scenario follows the Shared Socioeconomic Pathways 2 called Middle of the Road. The stylized climate policy scenario assumes a peak budget of 650 Gt CO2 on total CO2 emissions from 2015 to 2100. This is a 1.5C scenario, peak warming is allowed to be at or slightly above 1.5C at median climate sensitivity but returns to values below 1.5C in at least 67 % of scenarios by the end of the century.
SSP2-PkBudg650-round14-80EJ;1,varbio14;;;;;rcp20;globallyOptimal;;;9;650;;functionalForm;;100;2055;;;;;;;;;;;;;;;;;;;2050.GLO 0.9;NDC;;;2030.EUR_regi.tax.t.FE_wo_b_wo_n_e.all 1.2809;2035.2060.GLO.all.year.netGHG_LULUCFGrassi 0.005;;;;;;;;;;;;2;;;80;;;;Elec_Push;Mix4ICEban;1;2030;;SSP2-NPi2025;;SSP2-NPi2025;SSP2-PkBudg650: This climate policy scenario follows the Shared Socioeconomic Pathways 2 called Middle of the Road. The stylized climate policy scenario assumes a peak budget of 650 Gt CO2 on total CO2 emissions from 2015 to 2100. This is a 1.5C scenario, peak warming is allowed to be at or slightly above 1.5C at median climate sensitivity but returns to values below 1.5C in at least 67 % of scenarios by the end of the century.
# biomass variations round 15;;;;;;;;;;;;;;;;;;;;;;;;;;;;;;;;;;;;;;;;;;;;;;;;;;;;;;;;;;;;;;;;;;;
SSP2-PkBudg650-nz2050-round15;1,varbio15;;;;;rcp20;globallyOptimal;;;9;650;;functionalForm;;100;2055;;;;;;;;;;;;;;;;;;;2050.GLO 0.9;NDC;;;2030.EUR_regi.tax.t.FE_wo_b_wo_n_e.all 1.2809;2035.2050.GLO.all.year.netGHG_LULUCFGrassi_noBunkers 0.005;;;;;;;;;;;;2;;;;;;;Elec_Push;Mix4ICEban;1;2030;;SSP2-NPi2025;;SSP2-NPi2025;SSP2-PkBudg650: This climate policy scenario follows the Shared Socioeconomic Pathways 2 called Middle of the Road. The stylized climate policy scenario assumes a peak budget of 650 Gt CO2 on total CO2 emissions from 2015 to 2100. This is a 1.5C scenario, peak warming is allowed to be at or slightly above 1.5C at median climate sensitivity but returns to values below 1.5C in at least 67 % of scenarios by the end of the century.
SSP2-PkBudg650-nz2050-round15-150EJ;1,varbio15;;;;;rcp20;globallyOptimal;;;9;650;;functionalForm;;100;2055;;;;;;;;;;;;;;;;;;;2050.GLO 0.9;NDC;;;2030.EUR_regi.tax.t.FE_wo_b_wo_n_e.all 1.2809;2035.2050.GLO.all.year.netGHG_LULUCFGrassi_noBunkers 0.005;;;;;;;;;;;;2;;;150;;;;Elec_Push;Mix4ICEban;1;2030;;SSP2-NPi2025;;SSP2-NPi2025;SSP2-PkBudg650: This climate policy scenario follows the Shared Socioeconomic Pathways 2 called Middle of the Road. The stylized climate policy scenario assumes a peak budget of 650 Gt CO2 on total CO2 emissions from 2015 to 2100. This is a 1.5C scenario, peak warming is allowed to be at or slightly above 1.5C at median climate sensitivity but returns to values below 1.5C in at least 67 % of scenarios by the end of the century.
SSP2-PkBudg650-nz2050-round15-100EJ;1,varbio15;;;;;rcp20;globallyOptimal;;;9;650;;functionalForm;;100;2055;;;;;;;;;;;;;;;;;;;2050.GLO 0.9;NDC;;;2030.EUR_regi.tax.t.FE_wo_b_wo_n_e.all 1.2809;2035.2050.GLO.all.year.netGHG_LULUCFGrassi_noBunkers 0.005;;;;;;;;;;;;2;;;100;;;;Elec_Push;Mix4ICEban;1;2030;;SSP2-NPi2025;;SSP2-NPi2025;SSP2-PkBudg650: This climate policy scenario follows the Shared Socioeconomic Pathways 2 called Middle of the Road. The stylized climate policy scenario assumes a peak budget of 650 Gt CO2 on total CO2 emissions from 2015 to 2100. This is a 1.5C scenario, peak warming is allowed to be at or slightly above 1.5C at median climate sensitivity but returns to values below 1.5C in at least 67 % of scenarios by the end of the century.
# biomass variations round 16;;;;;;;;;;;;;;;;;;;;;;;;;;;;;;;;;;;;;;;;;;;;;;;;;;;;;;;;;;;;;;;;;;;
SSP2-PkBudg750;1,varbio16;;;;;rcp20;globallyOptimal;;;9;750;;functionalForm;;100;2055;;;;;;;;;;;;;;;;;;;2050.GLO 0.9;NDC;;;2030.EUR_regi.tax.t.FE_wo_b_wo_n_e.all 1.2809;;;;;;;;;;;;;2;;;;;;;Elec_Push;Mix4ICEban;1;2030;;SSP2-NPi2025;;SSP2-NPi2025;SSP2-PkBudg650: This climate policy scenario follows the Shared Socioeconomic Pathways 2 called Middle of the Road. The stylized climate policy scenario assumes a peak budget of 650 Gt CO2 on total CO2 emissions from 2015 to 2100. This is a 1.5C scenario, peak warming is allowed to be at or slightly above 1.5C at median climate sensitivity but returns to values below 1.5C in at least 67 % of scenarios by the end of the century.
SSP2-PkBudg750-lowbio100EJ;1,varbio16;;;;;rcp20;globallyOptimal;;;9;750;;functionalForm;;100;2055;;;;;;;;;;;;;;;;;;;2050.GLO 0.9;NDC;;;2030.EUR_regi.tax.t.FE_wo_b_wo_n_e.all 1.2809;;;;;;;;;;;;;2;;;100;;;;Elec_Push;Mix4ICEban;1;2030;;SSP2-NPi2025;;SSP2-NPi2025;SSP2-PkBudg650: This climate policy scenario follows the Shared Socioeconomic Pathways 2 called Middle of the Road. The stylized climate policy scenario assumes a peak budget of 650 Gt CO2 on total CO2 emissions from 2015 to 2100. This is a 1.5C scenario, peak warming is allowed to be at or slightly above 1.5C at median climate sensitivity but returns to values below 1.5C in at least 67 % of scenarios by the end of the century.
SSP2-PkBudg750-1stgenlim0p6EJ;1,varbio16;;;;;rcp20;globallyOptimal;;;9;750;;functionalForm;;100;2055;;;;;;;;;;;;;;;;;;;2050.GLO 0.9;NDC;;;2030.EUR_regi.tax.t.FE_wo_b_wo_n_e.all 1.2809,2050.GLO.tax.t.PE.biomass_1stgen 0.01903;;;;;;;;;;;;;2;;;;1;;;Elec_Push;Mix4ICEban;1;2030;;SSP2-NPi2025;;SSP2-NPi2025;SSP2-PkBudg650: This climate policy scenario follows the Shared Socioeconomic Pathways 2 called Middle of the Road. The stylized climate policy scenario assumes a peak budget of 650 Gt CO2 on total CO2 emissions from 2015 to 2100. This is a 1.5C scenario, peak warming is allowed to be at or slightly above 1.5C at median climate sensitivity but returns to values below 1.5C in at least 67 % of scenarios by the end of the century.
SSP2-PkBudg750-lowbio100EJ-1stgenlim0p6EJ;1,varbio16;;;;;rcp20;globallyOptimal;;;9;750;;functionalForm;;100;2055;;;;;;;;;;;;;;;;;;;2050.GLO 0.9;NDC;;;2030.EUR_regi.tax.t.FE_wo_b_wo_n_e.all 1.2809,2050.GLO.tax.t.PE.biomass_1stgen 0.01903;;;;;;;;;;;;;2;;;100;1;;;Elec_Push;Mix4ICEban;1;2030;;SSP2-NPi2025;;SSP2-NPi2025;SSP2-PkBudg650: This climate policy scenario follows the Shared Socioeconomic Pathways 2 called Middle of the Road. The stylized climate policy scenario assumes a peak budget of 650 Gt CO2 on total CO2 emissions from 2015 to 2100. This is a 1.5C scenario, peak warming is allowed to be at or slightly above 1.5C at median climate sensitivity but returns to values below 1.5C in at least 67 % of scenarios by the end of the century.
